P,I,G,S,L,C,mu_hat_zj,mu_hat_base_zj,delta_hat_zj,group_id,policy_id,n_obs_cell,group_label,pi_zj,ug,ug_shrunk,wage_anchor_monthly,income_anchor,q_g,r_g,tau_si,w_g,m_L,k_L,C_cash_zj,A_C,u_g_used,C_childcare_zj,SC_g,C_leave_birth_allowance,C_leave_socsub,C_leave_zj,C_total_zj,scenario,scenario_note
1,1,1,1,1,1,6.947267590384765,6.947267590384765,0.0,1-1-1,1-1-1,13,首胎/无子女|中低收入|无祖辈照护,0.0078125,0.0,0.5629006410256411,6435.833333333333,中低收入→私营单位平均工资,0.8,1.0,0.26,6435.833333333333,0.0,0,0.0,0.0,0.0,0.0,1673.3166666666666,0.0,0.0,0.0,0.0,main_broad_q08_m012,"主结果：广义公共支出口径；q=0.8；m_L={0,1,2}"
1,1,1,1,1,2,7.174672640607176,6.947267590384765,0.2274050502224112,1-1-1,1-1-2,35,首胎/无子女|中低收入|无祖辈照护,0.0078125,0.0,0.5629006410256411,6435.833333333333,中低收入→私营单位平均工资,0.8,1.0,0.26,6435.833333333333,0.0,0,0.0,8400.0,0.0,0.0,1673.3166666666666,0.0,0.0,0.0,0.0,main_broad_q08_m012,"主结果：广义公共支出口径；q=0.8；m_L={0,1,2}"
1,1,1,1,2,1,7.241430304710069,6.947267590384765,0.2941627143253038,1-1-1,1-2-1,46,首胎/无子女|中低收入|无祖辈照护,0.0078125,0.0,0.5629006410256411,6435.833333333333,中低收入→私营单位平均工资,0.8,1.0,0.26,6435.833333333333,1.0,6,0.0,0.0,0.0,0.0,1673.3166666666666,5148.666666666667,4015.96,9164.626666666667,9164.626666666667,main_broad_q08_m012,"主结果：广义公共支出口径；q=0.8；m_L={0,1,2}"
1,1,1,1,2,2,7.081726875703792,6.947267590384765,0.1344592853190267,1-1-1,1-2-2,39,首胎/无子女|中低收入|无祖辈照护,0.0078125,0.0,0.5629006410256411,6435.833333333333,中低收入→私营单位平均工资,0.8,1.0,0.26,6435.833333333333,1.0,6,0.0,8400.0,0.0,0.0,1673.3166666666666,5148.666666666667,4015.96,9164.626666666667,9164.626666666667,main_broad_q08_m012,"主结果：广义公共支出口径；q=0.8；m_L={0,1,2}"
1,1,1,1,3,1,7.247145548622441,6.947267590384765,0.2998779582376762,1-1-1,1-3-1,50,首胎/无子女|中低收入|无祖辈照护,0.0078125,0.0,0.5629006410256411,6435.833333333333,中低收入→私营单位平均工资,0.8,1.0,0.26,6435.833333333333,2.0,6,0.0,0.0,0.0,0.0,1673.3166666666666,10297.333333333334,4015.96,14313.293333333335,14313.293333333335,main_broad_q08_m012,"主结果：广义公共支出口径；q=0.8；m_L={0,1,2}"
1,1,1,1,3,2,7.308904530222353,6.947267590384765,0.361636939837588,1-1-1,1-3-2,40,首胎/无子女|中低收入|无祖辈照护,0.0078125,0.0,0.5629006410256411,6435.833333333333,中低收入→私营单位平均工资,0.8,1.0,0.26,6435.833333333333,2.0,6,0.0,8400.0,0.0,0.0,1673.3166666666666,10297.333333333334,4015.96,14313.293333333335,14313.293333333335,main_broad_q08_m012,"主结果：广义公共支出口径；q=0.8；m_L={0,1,2}"
1,1,1,2,1,1,6.912767898679368,6.947267590384765,-0.0344996917053972,1-1-1,2-1-1,16,首胎/无子女|中低收入|无祖辈照护,0.0078125,0.0,0.5629006410256411,6435.833333333333,中低收入→私营单位平均工资,0.8,1.0,0.26,6435.833333333333,0.0,0,10800.0,0.0,0.0,0.0,1673.3166666666666,0.0,0.0,0.0,10800.0,main_broad_q08_m012,"主结果：广义公共支出口径；q=0.8；m_L={0,1,2}"
1,1,1,2,1,2,7.323541359892322,6.947267590384765,0.3762737695075566,1-1-1,2-1-2,37,首胎/无子女|中低收入|无祖辈照护,0.0078125,0.0,0.5629006410256411,6435.833333333333,中低收入→私营单位平均工资,0.8,1.0,0.26,6435.833333333333,0.0,0,10800.0,8400.0,0.0,0.0,1673.3166666666666,0.0,0.0,0.0,10800.0,main_broad_q08_m012,"主结果：广义公共支出口径；q=0.8；m_L={0,1,2}"
1,1,1,2,2,1,7.256964579611451,6.947267590384765,0.3096969892266861,1-1-1,2-2-1,48,首胎/无子女|中低收入|无祖辈照护,0.0078125,0.0,0.5629006410256411,6435.833333333333,中低收入→私营单位平均工资,0.8,1.0,0.26,6435.833333333333,1.0,6,10800.0,0.0,0.0,0.0,1673.3166666666666,5148.666666666667,4015.96,9164.626666666667,19964.626666666667,main_broad_q08_m012,"主结果：广义公共支出口径；q=0.8；m_L={0,1,2}"
1,1,1,2,2,2,7.280629561595717,6.947267590384765,0.3333619712109517,1-1-1,2-2-2,43,首胎/无子女|中低收入|无祖辈照护,0.0078125,0.0,0.5629006410256411,6435.833333333333,中低收入→私营单位平均工资,0.8,1.0,0.26,6435.833333333333,1.0,6,10800.0,8400.0,0.0,0.0,1673.3166666666666,5148.666666666667,4015.96,9164.626666666667,19964.626666666667,main_broad_q08_m012,"主结果：广义公共支出口径；q=0.8；m_L={0,1,2}"
1,1,1,2,3,1,7.301762859838208,6.947267590384765,0.3544952694534427,1-1-1,2-3-1,0,首胎/无子女|中低收入|无祖辈照护,0.0078125,0.0,0.5629006410256411,6435.833333333333,中低收入→私营单位平均工资,0.8,1.0,0.26,6435.833333333333,2.0,6,10800.0,0.0,0.0,0.0,1673.3166666666666,10297.333333333334,4015.96,14313.293333333335,25113.293333333335,main_broad_q08_m012,"主结果：广义公共支出口径；q=0.8；m_L={0,1,2}"
1,1,1,2,3,2,7.546890252428663,6.947267590384765,0.599622662043898,1-1-1,2-3-2,0,首胎/无子女|中低收入|无祖辈照护,0.0078125,0.0,0.5629006410256411,6435.833333333333,中低收入→私营单位平均工资,0.8,1.0,0.26,6435.833333333333,2.0,6,10800.0,8400.0,0.0,0.0,1673.3166666666666,10297.333333333334,4015.96,14313.293333333335,25113.293333333335,main_broad_q08_m012,"主结果：广义公共支出口径；q=0.8；m_L={0,1,2}"
1,1,1,3,1,1,7.344934013525073,6.947267590384765,0.3976664231403077,1-1-1,3-1-1,48,首胎/无子女|中低收入|无祖辈照护,0.0078125,0.0,0.5629006410256411,6435.833333333333,中低收入→私营单位平均工资,0.8,1.0,0.26,6435.833333333333,0.0,0,21600.0,0.0,0.0,0.0,1673.3166666666666,0.0,0.0,0.0,21600.0,main_broad_q08_m012,"主结果：广义公共支出口径；q=0.8；m_L={0,1,2}"
1,1,1,3,1,2,7.6605910318201405,6.947267590384765,0.7133234414353753,1-1-1,3-1-2,48,首胎/无子女|中低收入|无祖辈照护,0.0078125,0.0,0.5629006410256411,6435.833333333333,中低收入→私营单位平均工资,0.8,1.0,0.26,6435.833333333333,0.0,0,21600.0,8400.0,0.0,0.0,1673.3166666666666,0.0,0.0,0.0,21600.0,main_broad_q08_m012,"主结果：广义公共支出口径；q=0.8；m_L={0,1,2}"
1,1,1,3,2,1,7.622420171352938,6.947267590384765,0.6751525809681729,1-1-1,3-2-1,36,首胎/无子女|中低收入|无祖辈照护,0.0078125,0.0,0.5629006410256411,6435.833333333333,中低收入→私营单位平均工资,0.8,1.0,0.26,6435.833333333333,1.0,6,21600.0,0.0,0.0,0.0,1673.3166666666666,5148.666666666667,4015.96,9164.626666666667,30764.626666666667,main_broad_q08_m012,"主结果：广义公共支出口径；q=0.8；m_L={0,1,2}"
1,1,1,3,2,2,7.550968710419317,6.947267590384765,0.6037011200345521,1-1-1,3-2-2,10,首胎/无子女|中低收入|无祖辈照护,0.0078125,0.0,0.5629006410256411,6435.833333333333,中低收入→私营单位平均工资,0.8,1.0,0.26,6435.833333333333,1.0,6,21600.0,8400.0,0.0,0.0,1673.3166666666666,5148.666666666667,4015.96,9164.626666666667,30764.626666666667,main_broad_q08_m012,"主结果：广义公共支出口径；q=0.8；m_L={0,1,2}"
1,1,1,3,3,1,7.764127285713677,6.947267590384765,0.8168596953289118,1-1-1,3-3-1,38,首胎/无子女|中低收入|无祖辈照护,0.0078125,0.0,0.5629006410256411,6435.833333333333,中低收入→私营单位平均工资,0.8,1.0,0.26,6435.833333333333,2.0,6,21600.0,0.0,0.0,0.0,1673.3166666666666,10297.333333333334,4015.96,14313.293333333335,35913.293333333335,main_broad_q08_m012,"主结果：广义公共支出口径；q=0.8；m_L={0,1,2}"
1,1,1,3,3,2,7.914138235386246,6.947267590384765,0.9668706450014808,1-1-1,3-3-2,6,首胎/无子女|中低收入|无祖辈照护,0.0078125,0.0,0.5629006410256411,6435.833333333333,中低收入→私营单位平均工资,0.8,1.0,0.26,6435.833333333333,2.0,6,21600.0,8400.0,0.0,0.0,1673.3166666666666,10297.333333333334,4015.96,14313.293333333335,35913.293333333335,main_broad_q08_m012,"主结果：广义公共支出口径；q=0.8；m_L={0,1,2}"
1,1,2,1,1,1,7.655822934459119,7.655822934459119,0.0,1-1-2,1-1-1,0,首胎/无子女|中低收入|有祖辈照护,0.0390625,0.7333333333333333,0.7327083333333334,6435.833333333333,中低收入→私营单位平均工资,0.8,1.0,0.26,6435.833333333333,0.0,0,0.0,0.0,0.7333333333333333,0.0,1673.3166666666666,0.0,0.0,0.0,0.0,main_broad_q08_m012,"主结果：广义公共支出口径；q=0.8；m_L={0,1,2}"
1,1,2,1,1,2,7.561830565480265,7.655822934459119,-0.0939923689788537,1-1-2,1-1-2,0,首胎/无子女|中低收入|有祖辈照护,0.0390625,0.7333333333333333,0.7327083333333334,6435.833333333333,中低收入→私营单位平均工资,0.8,1.0,0.26,6435.833333333333,0.0,0,0.0,8400.0,0.7333333333333333,6160.0,1673.3166666666666,0.0,0.0,0.0,6160.0,main_broad_q08_m012,"主结果：广义公共支出口径；q=0.8；m_L={0,1,2}"
1,1,2,1,2,1,7.826760728995396,7.655822934459119,0.1709377945362771,1-1-2,1-2-1,0,首胎/无子女|中低收入|有祖辈照护,0.0390625,0.7333333333333333,0.7327083333333334,6435.833333333333,中低收入→私营单位平均工资,0.8,1.0,0.26,6435.833333333333,1.0,6,0.0,0.0,0.7333333333333333,0.0,1673.3166666666666,5148.666666666667,4015.96,9164.626666666667,9164.626666666667,main_broad_q08_m012,"主结果：广义公共支出口径；q=0.8；m_L={0,1,2}"
1,1,2,1,2,2,7.345659880787855,7.655822934459119,-0.3101630536712632,1-1-2,1-2-2,0,首胎/无子女|中低收入|有祖辈照护,0.0390625,0.7333333333333333,0.7327083333333334,6435.833333333333,中低收入→私营单位平均工资,0.8,1.0,0.26,6435.833333333333,1.0,6,0.0,8400.0,0.7333333333333333,6160.0,1673.3166666666666,5148.666666666667,4015.96,9164.626666666667,15324.626666666667,main_broad_q08_m012,"主结果：广义公共支出口径；q=0.8；m_L={0,1,2}"
1,1,2,1,3,1,7.766774218590118,7.655822934459119,0.1109512841309996,1-1-2,1-3-1,35,首胎/无子女|中低收入|有祖辈照护,0.0390625,0.7333333333333333,0.7327083333333334,6435.833333333333,中低收入→私营单位平均工资,0.8,1.0,0.26,6435.833333333333,2.0,6,0.0,0.0,0.7333333333333333,0.0,1673.3166666666666,10297.333333333334,4015.96,14313.293333333335,14313.293333333335,main_broad_q08_m012,"主结果：广义公共支出口径；q=0.8；m_L={0,1,2}"
1,1,2,1,3,2,7.507135780988766,7.655822934459119,-0.1486871534703526,1-1-2,1-3-2,10,首胎/无子女|中低收入|有祖辈照护,0.0390625,0.7333333333333333,0.7327083333333334,6435.833333333333,中低收入→私营单位平均工资,0.8,1.0,0.26,6435.833333333333,2.0,6,0.0,8400.0,0.7333333333333333,6160.0,1673.3166666666666,10297.333333333334,4015.96,14313.293333333335,20473.293333333335,main_broad_q08_m012,"主结果：广义公共支出口径；q=0.8；m_L={0,1,2}"
1,1,2,2,1,1,7.657693959874553,7.655822934459119,0.0018710254154346,1-1-2,2-1-1,39,首胎/无子女|中低收入|有祖辈照护,0.0390625,0.7333333333333333,0.7327083333333334,6435.833333333333,中低收入→私营单位平均工资,0.8,1.0,0.26,6435.833333333333,0.0,0,10800.0,0.0,0.7333333333333333,0.0,1673.3166666666666,0.0,0.0,0.0,10800.0,main_broad_q08_m012,"主结果：广义公共支出口径；q=0.8；m_L={0,1,2}"
1,1,2,2,1,2,7.747070001886241,7.655822934459119,0.0912470674271226,1-1-2,2-1-2,13,首胎/无子女|中低收入|有祖辈照护,0.0390625,0.7333333333333333,0.7327083333333334,6435.833333333333,中低收入→私营单位平均工资,0.8,1.0,0.26,6435.833333333333,0.0,0,10800.0,8400.0,0.7333333333333333,6160.0,1673.3166666666666,0.0,0.0,0.0,16960.0,main_broad_q08_m012,"主结果：广义公共支出口径；q=0.8；m_L={0,1,2}"
1,1,2,2,2,1,7.87866572101761,7.655822934459119,0.2228427865584912,1-1-2,2-2-1,38,首胎/无子女|中低收入|有祖辈照护,0.0390625,0.7333333333333333,0.7327083333333334,6435.833333333333,中低收入→私营单位平均工资,0.8,1.0,0.26,6435.833333333333,1.0,6,10800.0,0.0,0.7333333333333333,0.0,1673.3166666666666,5148.666666666667,4015.96,9164.626666666667,19964.626666666667,main_broad_q08_m012,"主结果：广义公共支出口径；q=0.8；m_L={0,1,2}"
1,1,2,2,2,2,7.580933283800611,7.655822934459119,-0.0748896506585072,1-1-2,2-2-2,13,首胎/无子女|中低收入|有祖辈照护,0.0390625,0.7333333333333333,0.7327083333333334,6435.833333333333,中低收入→私营单位平均工资,0.8,1.0,0.26,6435.833333333333,1.0,6,10800.0,8400.0,0.7333333333333333,6160.0,1673.3166666666666,5148.666666666667,4015.96,9164.626666666667,26124.626666666667,main_broad_q08_m012,"主结果：广义公共支出口径；q=0.8；m_L={0,1,2}"
1,1,2,2,3,1,7.8577622469267165,7.655822934459119,0.2019393124675979,1-1-2,2-3-1,38,首胎/无子女|中低收入|有祖辈照护,0.0390625,0.7333333333333333,0.7327083333333334,6435.833333333333,中低收入→私营单位平均工资,0.8,1.0,0.26,6435.833333333333,2.0,6,10800.0,0.0,0.7333333333333333,0.0,1673.3166666666666,10297.333333333334,4015.96,14313.293333333335,25113.293333333335,main_broad_q08_m012,"主结果：广义公共支出口径；q=0.8；m_L={0,1,2}"
1,1,2,2,3,2,7.781492220315906,7.655822934459119,0.1256692858567873,1-1-2,2-3-2,6,首胎/无子女|中低收入|有祖辈照护,0.0390625,0.7333333333333333,0.7327083333333334,6435.833333333333,中低收入→私营单位平均工资,0.8,1.0,0.26,6435.833333333333,2.0,6,10800.0,8400.0,0.7333333333333333,6160.0,1673.3166666666666,10297.333333333334,4015.96,14313.293333333335,31273.293333333335,main_broad_q08_m012,"主结果：广义公共支出口径；q=0.8；m_L={0,1,2}"
1,1,2,3,1,1,8.170545715282753,7.655822934459119,0.5147227808236341,1-1-2,3-1-1,38,首胎/无子女|中低收入|有祖辈照护,0.0390625,0.7333333333333333,0.7327083333333334,6435.833333333333,中低收入→私营单位平均工资,0.8,1.0,0.26,6435.833333333333,0.0,0,21600.0,0.0,0.7333333333333333,0.0,1673.3166666666666,0.0,0.0,0.0,21600.0,main_broad_q08_m012,"主结果：广义公共支出口径；q=0.8；m_L={0,1,2}"
1,1,2,3,1,2,8.164805314376554,7.655822934459119,0.5089823799174358,1-1-2,3-1-2,13,首胎/无子女|中低收入|有祖辈照护,0.0390625,0.7333333333333333,0.7327083333333334,6435.833333333333,中低收入→私营单位平均工资,0.8,1.0,0.26,6435.833333333333,0.0,0,21600.0,8400.0,0.7333333333333333,6160.0,1673.3166666666666,0.0,0.0,0.0,27760.0,main_broad_q08_m012,"主结果：广义公共支出口径；q=0.8；m_L={0,1,2}"
1,1,2,3,2,1,8.324806953321591,7.655822934459119,0.6689840188624725,1-1-2,3-2-1,0,首胎/无子女|中低收入|有祖辈照护,0.0390625,0.7333333333333333,0.7327083333333334,6435.833333333333,中低收入→私营单位平均工资,0.8,1.0,0.26,6435.833333333333,1.0,6,21600.0,0.0,0.7333333333333333,0.0,1673.3166666666666,5148.666666666667,4015.96,9164.626666666667,30764.626666666667,main_broad_q08_m012,"主结果：广义公共支出口径；q=0.8；m_L={0,1,2}"
1,1,2,3,2,2,7.931958073186707,7.655822934459119,0.2761351387275885,1-1-2,3-2-2,0,首胎/无子女|中低收入|有祖辈照护,0.0390625,0.7333333333333333,0.7327083333333334,6435.833333333333,中低收入→私营单位平均工资,0.8,1.0,0.26,6435.833333333333,1.0,6,21600.0,8400.0,0.7333333333333333,6160.0,1673.3166666666666,5148.666666666667,4015.96,9164.626666666667,36924.62666666666,main_broad_q08_m012,"主结果：广义公共支出口径；q=0.8；m_L={0,1,2}"
1,1,2,3,3,1,8.40081231336468,7.655822934459119,0.7449893789055615,1-1-2,3-3-1,37,首胎/无子女|中低收入|有祖辈照护,0.0390625,0.7333333333333333,0.7327083333333334,6435.833333333333,中低收入→私营单位平均工资,0.8,1.0,0.26,6435.833333333333,2.0,6,21600.0,0.0,0.7333333333333333,0.0,1673.3166666666666,10297.333333333334,4015.96,14313.293333333335,35913.293333333335,main_broad_q08_m012,"主结果：广义公共支出口径；q=0.8；m_L={0,1,2}"
1,1,2,3,3,2,8.229425843835983,7.655822934459119,0.5736029093768646,1-1-2,3-3-2,12,首胎/无子女|中低收入|有祖辈照护,0.0390625,0.7333333333333333,0.7327083333333334,6435.833333333333,中低收入→私营单位平均工资,0.8,1.0,0.26,6435.833333333333,2.0,6,21600.0,8400.0,0.7333333333333333,6160.0,1673.3166666666666,10297.333333333334,4015.96,14313.293333333335,42073.293333333335,main_broad_q08_m012,"主结果：广义公共支出口径；q=0.8；m_L={0,1,2}"
1,2,1,1,1,1,7.058226399710394,7.058226399710394,0.0,1-2-1,1-1-1,47,首胎/无子女|中高收入|无祖辈照护,0.0052083333333333,0.5,0.6931423611111112,11436.583333333334,中高收入→非私营单位平均工资,0.8,1.0,0.26,11436.583333333334,0.0,0,0.0,0.0,0.5,0.0,2973.5116666666668,0.0,0.0,0.0,0.0,main_broad_q08_m012,"主结果：广义公共支出口径；q=0.8；m_L={0,1,2}"
1,2,1,1,1,2,7.373849066996538,7.058226399710394,0.3156226672861439,1-2-1,1-1-2,47,首胎/无子女|中高收入|无祖辈照护,0.0052083333333333,0.5,0.6931423611111112,11436.583333333334,中高收入→非私营单位平均工资,0.8,1.0,0.26,11436.583333333334,0.0,0,0.0,8400.0,0.5,4200.0,2973.5116666666668,0.0,0.0,0.0,4200.0,main_broad_q08_m012,"主结果：广义公共支出口径；q=0.8；m_L={0,1,2}"
1,2,1,1,2,1,7.473673282823267,7.058226399710394,0.4154468831128728,1-2-1,1-2-1,32,首胎/无子女|中高收入|无祖辈照护,0.0052083333333333,0.5,0.6931423611111112,11436.583333333334,中高收入→非私营单位平均工资,0.8,1.0,0.26,11436.583333333334,1.0,6,0.0,0.0,0.5,0.0,2973.5116666666668,9149.266666666668,7136.428,16285.694666666668,16285.694666666668,main_broad_q08_m012,"主结果：广义公共支出口径；q=0.8；m_L={0,1,2}"
1,2,1,1,2,2,7.402187470880724,7.058226399710394,0.3439610711703302,1-2-1,1-2-2,12,首胎/无子女|中高收入|无祖辈照护,0.0052083333333333,0.5,0.6931423611111112,11436.583333333334,中高收入→非私营单位平均工资,0.8,1.0,0.26,11436.583333333334,1.0,6,0.0,8400.0,0.5,4200.0,2973.5116666666668,9149.266666666668,7136.428,16285.694666666668,20485.69466666667,main_broad_q08_m012,"主结果：广义公共支出口径；q=0.8；m_L={0,1,2}"
1,2,1,1,3,1,7.472150899846806,7.058226399710394,0.413924500136412,1-2-1,1-3-1,46,首胎/无子女|中高收入|无祖辈照护,0.0052083333333333,0.5,0.6931423611111112,11436.583333333334,中高收入→非私营单位平均工资,0.8,1.0,0.26,11436.583333333334,2.0,6,0.0,0.0,0.5,0.0,2973.5116666666668,18298.533333333336,7136.428,25434.961333333336,25434.961333333336,main_broad_q08_m012,"主结果：广义公共支出口径；q=0.8；m_L={0,1,2}"
1,2,1,1,3,2,7.6221274985104515,7.058226399710394,0.5639010988000575,1-2-1,1-3-2,47,首胎/无子女|中高收入|无祖辈照护,0.0052083333333333,0.5,0.6931423611111112,11436.583333333334,中高收入→非私营单位平均工资,0.8,1.0,0.26,11436.583333333334,2.0,6,0.0,8400.0,0.5,4200.0,2973.5116666666668,18298.533333333336,7136.428,25434.961333333336,29634.961333333336,main_broad_q08_m012,"主结果：广义公共支出口径；q=0.8；m_L={0,1,2}"
1,2,1,2,1,1,7.042890173381235,7.058226399710394,-0.0153362263291594,1-2-1,2-1-1,0,首胎/无子女|中高收入|无祖辈照护,0.0052083333333333,0.5,0.6931423611111112,11436.583333333334,中高收入→非私营单位平均工资,0.8,1.0,0.26,11436.583333333334,0.0,0,10800.0,0.0,0.5,0.0,2973.5116666666668,0.0,0.0,0.0,10800.0,main_broad_q08_m012,"主结果：广义公共支出口径；q=0.8；m_L={0,1,2}"
1,2,1,2,1,2,7.541881251657921,7.058226399710394,0.4836548519475272,1-2-1,2-1-2,0,首胎/无子女|中高收入|无祖辈照护,0.0052083333333333,0.5,0.6931423611111112,11436.583333333334,中高收入→非私营单位平均工资,0.8,1.0,0.26,11436.583333333334,0.0,0,10800.0,8400.0,0.5,4200.0,2973.5116666666668,0.0,0.0,0.0,15000.0,main_broad_q08_m012,"主结果：广义公共支出口径；q=0.8；m_L={0,1,2}"
1,2,1,2,2,1,7.508371023100887,7.058226399710394,0.4501446233904929,1-2-1,2-2-1,36,首胎/无子女|中高收入|无祖辈照护,0.0052083333333333,0.5,0.6931423611111112,11436.583333333334,中高收入→非私营单位平均工资,0.8,1.0,0.26,11436.583333333334,1.0,6,10800.0,0.0,0.5,0.0,2973.5116666666668,9149.266666666668,7136.428,16285.694666666668,27085.69466666667,main_broad_q08_m012,"主结果：广义公共支出口径；q=0.8；m_L={0,1,2}"
1,2,1,2,2,2,7.620253622148887,7.058226399710394,0.562027222438493,1-2-1,2-2-2,12,首胎/无子女|中高收入|无祖辈照护,0.0052083333333333,0.5,0.6931423611111112,11436.583333333334,中高收入→非私营单位平均工资,0.8,1.0,0.26,11436.583333333334,1.0,6,10800.0,8400.0,0.5,4200.0,2973.5116666666668,9149.266666666668,7136.428,16285.694666666668,31285.69466666667,main_broad_q08_m012,"主结果：广义公共支出口径；q=0.8；m_L={0,1,2}"
1,2,1,2,3,1,7.54593167643881,7.058226399710394,0.4877052767284162,1-2-1,2-3-1,49,首胎/无子女|中高收入|无祖辈照护,0.0052083333333333,0.5,0.6931423611111112,11436.583333333334,中高收入→非私营单位平均工资,0.8,1.0,0.26,11436.583333333334,2.0,6,10800.0,0.0,0.5,0.0,2973.5116666666668,18298.533333333336,7136.428,25434.961333333336,36234.96133333334,main_broad_q08_m012,"主结果：广义公共支出口径；q=0.8；m_L={0,1,2}"
1,2,1,2,3,2,7.879276686092998,7.058226399710394,0.8210502863826044,1-2-1,2-3-2,47,首胎/无子女|中高收入|无祖辈照护,0.0052083333333333,0.5,0.6931423611111112,11436.583333333334,中高收入→非私营单位平均工资,0.8,1.0,0.26,11436.583333333334,2.0,6,10800.0,8400.0,0.5,4200.0,2973.5116666666668,18298.533333333336,7136.428,25434.961333333336,40434.96133333334,main_broad_q08_m012,"主结果：广义公共支出口径；q=0.8；m_L={0,1,2}"
1,2,1,3,1,1,7.112585096057974,7.058226399710394,0.0543586963475801,1-2-1,3-1-1,12,首胎/无子女|中高收入|无祖辈照护,0.0052083333333333,0.5,0.6931423611111112,11436.583333333334,中高收入→非私营单位平均工资,0.8,1.0,0.26,11436.583333333334,0.0,0,21600.0,0.0,0.5,0.0,2973.5116666666668,0.0,0.0,0.0,21600.0,main_broad_q08_m012,"主结果：广义公共支出口径；q=0.8；m_L={0,1,2}"
1,2,1,3,1,2,7.516459731416774,7.058226399710394,0.4582333317063796,1-2-1,3-1-2,38,首胎/无子女|中高收入|无祖辈照护,0.0052083333333333,0.5,0.6931423611111112,11436.583333333334,中高收入→非私营单位平均工资,0.8,1.0,0.26,11436.583333333334,0.0,0,21600.0,8400.0,0.5,4200.0,2973.5116666666668,0.0,0.0,0.0,25800.0,main_broad_q08_m012,"主结果：广义公共支出口径；q=0.8；m_L={0,1,2}"
1,2,1,3,2,1,7.511355422673407,7.058226399710394,0.4531290229630134,1-2-1,3-2-1,44,首胎/无子女|中高收入|无祖辈照护,0.0052083333333333,0.5,0.6931423611111112,11436.583333333334,中高收入→非私营单位平均工资,0.8,1.0,0.26,11436.583333333334,1.0,6,21600.0,0.0,0.5,0.0,2973.5116666666668,9149.266666666668,7136.428,16285.694666666668,37885.69466666667,main_broad_q08_m012,"主结果：广义公共支出口径；q=0.8；m_L={0,1,2}"
1,2,1,3,2,2,7.528121578803522,7.058226399710394,0.469895179093128,1-2-1,3-2-2,45,首胎/无子女|中高收入|无祖辈照护,0.0052083333333333,0.5,0.6931423611111112,11436.583333333334,中高收入→非私营单位平均工资,0.8,1.0,0.26,11436.583333333334,1.0,6,21600.0,8400.0,0.5,4200.0,2973.5116666666668,9149.266666666668,7136.428,16285.694666666668,42085.69466666667,main_broad_q08_m012,"主结果：广义公共支出口径；q=0.8；m_L={0,1,2}"
1,2,1,3,3,1,7.645824910145313,7.058226399710394,0.5875985104349191,1-2-1,3-3-1,9,首胎/无子女|中高收入|无祖辈照护,0.0052083333333333,0.5,0.6931423611111112,11436.583333333334,中高收入→非私营单位平均工资,0.8,1.0,0.26,11436.583333333334,2.0,6,21600.0,0.0,0.5,0.0,2973.5116666666668,18298.533333333336,7136.428,25434.961333333336,47034.96133333334,main_broad_q08_m012,"主结果：广义公共支出口径；q=0.8；m_L={0,1,2}"
1,2,1,3,3,2,7.884053476881616,7.058226399710394,0.8258270771712217,1-2-1,3-3-2,34,首胎/无子女|中高收入|无祖辈照护,0.0052083333333333,0.5,0.6931423611111112,11436.583333333334,中高收入→非私营单位平均工资,0.8,1.0,0.26,11436.583333333334,2.0,6,21600.0,8400.0,0.5,4200.0,2973.5116666666668,18298.533333333336,7136.428,25434.961333333336,51234.96133333334,main_broad_q08_m012,"主结果：广义公共支出口径；q=0.8；m_L={0,1,2}"
1,2,2,1,1,1,7.766781743784748,7.766781743784748,0.0,1-2-2,1-1-1,13,首胎/无子女|中高收入|有祖辈照护,0.0520833333333333,0.7,0.7105902777777778,11436.583333333334,中高收入→非私营单位平均工资,0.8,1.0,0.26,11436.583333333334,0.0,0,0.0,0.0,0.7,0.0,2973.5116666666668,0.0,0.0,0.0,0.0,main_broad_q08_m012,"主结果：广义公共支出口径；q=0.8；m_L={0,1,2}"
1,2,2,1,1,2,7.761006991869627,7.766781743784748,-0.005774751915121,1-2-2,1-1-2,37,首胎/无子女|中高收入|有祖辈照护,0.0520833333333333,0.7,0.7105902777777778,11436.583333333334,中高收入→非私营单位平均工资,0.8,1.0,0.26,11436.583333333334,0.0,0,0.0,8400.0,0.7,5880.0,2973.5116666666668,0.0,0.0,0.0,5880.0,main_broad_q08_m012,"主结果：广义公共支出口径；q=0.8；m_L={0,1,2}"
1,2,2,1,2,1,8.059003707108594,7.766781743784748,0.2922219633238461,1-2-2,1-2-1,0,首胎/无子女|中高收入|有祖辈照护,0.0520833333333333,0.7,0.7105902777777778,11436.583333333334,中高收入→非私营单位平均工资,0.8,1.0,0.26,11436.583333333334,1.0,6,0.0,0.0,0.7,0.0,2973.5116666666668,9149.266666666668,7136.428,16285.694666666668,16285.694666666668,main_broad_q08_m012,"主结果：广义公共支出口径；q=0.8；m_L={0,1,2}"
1,2,2,1,2,2,7.666120475964787,7.766781743784748,-0.1006612678199614,1-2-2,1-2-2,0,首胎/无子女|中高收入|有祖辈照护,0.0520833333333333,0.7,0.7105902777777778,11436.583333333334,中高收入→非私营单位平均工资,0.8,1.0,0.26,11436.583333333334,1.0,6,0.0,8400.0,0.7,5880.0,2973.5116666666668,9149.266666666668,7136.428,16285.694666666668,22165.69466666667,main_broad_q08_m012,"主结果：广义公共支出口径；q=0.8；m_L={0,1,2}"
1,2,2,1,3,1,7.991779569814484,7.766781743784748,0.2249978260297354,1-2-2,1-3-1,0,首胎/无子女|中高收入|有祖辈照护,0.0520833333333333,0.7,0.7105902777777778,11436.583333333334,中高收入→非私营单位平均工资,0.8,1.0,0.26,11436.583333333334,2.0,6,0.0,0.0,0.7,0.0,2973.5116666666668,18298.533333333336,7136.428,25434.961333333336,25434.961333333336,main_broad_q08_m012,"主结果：广义公共支出口径；q=0.8；m_L={0,1,2}"
1,2,2,1,3,2,7.820358749276864,7.766781743784748,0.0535770054921158,1-2-2,1-3-2,0,首胎/无子女|中高收入|有祖辈照护,0.0520833333333333,0.7,0.7105902777777778,11436.583333333334,中高收入→非私营单位平均工资,0.8,1.0,0.26,11436.583333333334,2.0,6,0.0,8400.0,0.7,5880.0,2973.5116666666668,18298.533333333336,7136.428,25434.961333333336,31314.961333333336,main_broad_q08_m012,"主结果：广义公共支出口径；q=0.8；m_L={0,1,2}"
1,2,2,2,1,1,7.787816234576421,7.766781743784748,0.0210344907916724,1-2-2,2-1-1,10,首胎/无子女|中高收入|有祖辈照护,0.0520833333333333,0.7,0.7105902777777778,11436.583333333334,中高收入→非私营单位平均工资,0.8,1.0,0.26,11436.583333333334,0.0,0,10800.0,0.0,0.7,0.0,2973.5116666666668,0.0,0.0,0.0,10800.0,main_broad_q08_m012,"主结果：广义公共支出口径；q=0.8；m_L={0,1,2}"
1,2,2,2,1,2,7.965409893651842,7.766781743784748,0.1986281498670932,1-2-2,2-1-2,35,首胎/无子女|中高收入|有祖辈照护,0.0520833333333333,0.7,0.7105902777777778,11436.583333333334,中高收入→非私营单位平均工资,0.8,1.0,0.26,11436.583333333334,0.0,0,10800.0,8400.0,0.7,5880.0,2973.5116666666668,0.0,0.0,0.0,16680.0,main_broad_q08_m012,"主结果：广义公共支出口径；q=0.8；m_L={0,1,2}"
1,2,2,2,2,1,8.130072164507046,7.766781743784748,0.363290420722298,1-2-2,2-2-1,8,首胎/无子女|中高收入|有祖辈照护,0.0520833333333333,0.7,0.7105902777777778,11436.583333333334,中高收入→非私营单位平均工资,0.8,1.0,0.26,11436.583333333334,1.0,6,10800.0,0.0,0.7,0.0,2973.5116666666668,9149.266666666668,7136.428,16285.694666666668,27085.69466666667,main_broad_q08_m012,"主结果：广义公共支出口径；q=0.8；m_L={0,1,2}"
1,2,2,2,2,2,7.920557344353782,7.766781743784748,0.1537756005690331,1-2-2,2-2-2,34,首胎/无子女|中高收入|有祖辈照护,0.0520833333333333,0.7,0.7105902777777778,11436.583333333334,中高收入→非私营单位平均工资,0.8,1.0,0.26,11436.583333333334,1.0,6,10800.0,8400.0,0.7,5880.0,2973.5116666666668,9149.266666666668,7136.428,16285.694666666668,32965.69466666667,main_broad_q08_m012,"主结果：广义公共支出口径；q=0.8；m_L={0,1,2}"
1,2,2,2,3,1,8.101931063527319,7.766781743784748,0.3351493197425705,1-2-2,2-3-1,12,首胎/无子女|中高收入|有祖辈照护,0.0520833333333333,0.7,0.7105902777777778,11436.583333333334,中高收入→非私营单位平均工资,0.8,1.0,0.26,11436.583333333334,2.0,6,10800.0,0.0,0.7,0.0,2973.5116666666668,18298.533333333336,7136.428,25434.961333333336,36234.96133333334,main_broad_q08_m012,"主结果：广义公共支出口径；q=0.8；m_L={0,1,2}"
1,2,2,2,3,2,8.113878653980242,7.766781743784748,0.3470969101954937,1-2-2,2-3-2,33,首胎/无子女|中高收入|有祖辈照护,0.0520833333333333,0.7,0.7105902777777778,11436.583333333334,中高收入→非私营单位平均工资,0.8,1.0,0.26,11436.583333333334,2.0,6,10800.0,8400.0,0.7,5880.0,2973.5116666666668,18298.533333333336,7136.428,25434.961333333336,42114.96133333334,main_broad_q08_m012,"主结果：广义公共支出口径；q=0.8；m_L={0,1,2}"
1,2,2,3,1,1,7.938196797815653,7.766781743784748,0.1714150540309047,1-2-2,3-1-1,13,首胎/无子女|中高收入|有祖辈照护,0.0520833333333333,0.7,0.7105902777777778,11436.583333333334,中高收入→非私营单位平均工资,0.8,1.0,0.26,11436.583333333334,0.0,0,21600.0,0.0,0.7,0.0,2973.5116666666668,0.0,0.0,0.0,21600.0,main_broad_q08_m012,"主结果：广义公共支出口径；q=0.8；m_L={0,1,2}"
1,2,2,3,1,2,8.020674013973188,7.766781743784748,0.2538922701884401,1-2-2,3-1-2,37,首胎/无子女|中高收入|有祖辈照护,0.0520833333333333,0.7,0.7105902777777778,11436.583333333334,中高收入→非私营单位平均工资,0.8,1.0,0.26,11436.583333333334,0.0,0,21600.0,8400.0,0.7,5880.0,2973.5116666666668,0.0,0.0,0.0,27480.0,main_broad_q08_m012,"主结果：广义公共支出口径；q=0.8；m_L={0,1,2}"
1,2,2,3,2,1,8.213742204642061,7.766781743784748,0.446960460857313,1-2-2,3-2-1,9,首胎/无子女|中高收入|有祖辈照护,0.0520833333333333,0.7,0.7105902777777778,11436.583333333334,中高收入→非私营单位平均工资,0.8,1.0,0.26,11436.583333333334,1.0,6,21600.0,0.0,0.7,0.0,2973.5116666666668,9149.266666666668,7136.428,16285.694666666668,37885.69466666667,main_broad_q08_m012,"主结果：广义公共支出口径；q=0.8；m_L={0,1,2}"
1,2,2,3,2,2,7.90911094157091,7.766781743784748,0.1423291977861618,1-2-2,3-2-2,36,首胎/无子女|中高收入|有祖辈照护,0.0520833333333333,0.7,0.7105902777777778,11436.583333333334,中高收入→非私营单位平均工资,0.8,1.0,0.26,11436.583333333334,1.0,6,21600.0,8400.0,0.7,5880.0,2973.5116666666668,9149.266666666668,7136.428,16285.694666666668,43765.69466666667,main_broad_q08_m012,"主结果：广义公共支出口径；q=0.8；m_L={0,1,2}"
1,2,2,3,3,1,8.282509937796316,7.766781743784748,0.5157281940115679,1-2-2,3-3-1,0,首胎/无子女|中高收入|有祖辈照护,0.0520833333333333,0.7,0.7105902777777778,11436.583333333334,中高收入→非私营单位平均工资,0.8,1.0,0.26,11436.583333333334,2.0,6,21600.0,0.0,0.7,0.0,2973.5116666666668,18298.533333333336,7136.428,25434.961333333336,47034.96133333334,main_broad_q08_m012,"主结果：广义公共支出口径；q=0.8；m_L={0,1,2}"
1,2,2,3,3,2,8.199341085331353,7.766781743784748,0.4325593415466047,1-2-2,3-3-2,0,首胎/无子女|中高收入|有祖辈照护,0.0520833333333333,0.7,0.7105902777777778,11436.583333333334,中高收入→非私营单位平均工资,0.8,1.0,0.26,11436.583333333334,2.0,6,21600.0,8400.0,0.7,5880.0,2973.5116666666668,18298.533333333336,7136.428,25434.961333333336,52914.96133333334,main_broad_q08_m012,"主结果：广义公共支出口径；q=0.8；m_L={0,1,2}"
2,1,1,1,1,1,6.592800230031338,6.592800230031338,0.0,2-1-1,1-1-1,11,二胎/已有1孩|中低收入|无祖辈照护,0.0260416666666666,0.9,0.8158854166666668,6435.833333333333,中低收入→私营单位平均工资,0.8,1.0,0.26,6435.833333333333,0.0,0,0.0,0.0,0.9,0.0,1673.3166666666666,0.0,0.0,0.0,0.0,main_broad_q08_m012,"主结果：广义公共支出口径；q=0.8；m_L={0,1,2}"
2,1,1,1,1,2,6.922574980108412,6.592800230031338,0.3297747500770738,2-1-1,1-1-2,34,二胎/已有1孩|中低收入|无祖辈照护,0.0260416666666666,0.9,0.8158854166666668,6435.833333333333,中低收入→私营单位平均工资,0.8,1.0,0.26,6435.833333333333,0.0,0,0.0,8400.0,0.9,7560.0,1673.3166666666666,0.0,0.0,0.0,7560.0,main_broad_q08_m012,"主结果：广义公共支出口径；q=0.8；m_L={0,1,2}"
2,1,1,1,2,1,7.0171578737795866,6.592800230031338,0.4243576437482481,2-1-1,1-2-1,0,二胎/已有1孩|中低收入|无祖辈照护,0.0260416666666666,0.9,0.8158854166666668,6435.833333333333,中低收入→私营单位平均工资,0.8,1.0,0.26,6435.833333333333,1.0,6,0.0,0.0,0.9,0.0,1673.3166666666666,5148.666666666667,4015.96,9164.626666666667,9164.626666666667,main_broad_q08_m012,"主结果：广义公共支出口径；q=0.8；m_L={0,1,2}"
2,1,1,1,2,2,6.959824144627973,6.592800230031338,0.3670239145966345,2-1-1,1-2-2,0,二胎/已有1孩|中低收入|无祖辈照护,0.0260416666666666,0.9,0.8158854166666668,6435.833333333333,中低收入→私营单位平均工资,0.8,1.0,0.26,6435.833333333333,1.0,6,0.0,8400.0,0.9,7560.0,1673.3166666666666,5148.666666666667,4015.96,9164.626666666667,16724.626666666667,main_broad_q08_m012,"主结果：广义公共支出口径；q=0.8；m_L={0,1,2}"
2,1,1,1,3,1,7.15844356284204,6.592800230031338,0.5656433328107013,2-1-1,1-3-1,0,二胎/已有1孩|中低收入|无祖辈照护,0.0260416666666666,0.9,0.8158854166666668,6435.833333333333,中低收入→私营单位平均工资,0.8,1.0,0.26,6435.833333333333,2.0,6,0.0,0.0,0.9,0.0,1673.3166666666666,10297.333333333334,4015.96,14313.293333333335,14313.293333333335,main_broad_q08_m012,"主结果：广义公共支出口径；q=0.8；m_L={0,1,2}"
2,1,1,1,3,2,7.322572244296615,6.592800230031338,0.7297720142652766,2-1-1,1-3-2,0,二胎/已有1孩|中低收入|无祖辈照护,0.0260416666666666,0.9,0.8158854166666668,6435.833333333333,中低收入→私营单位平均工资,0.8,1.0,0.26,6435.833333333333,2.0,6,0.0,8400.0,0.9,7560.0,1673.3166666666666,10297.333333333334,4015.96,14313.293333333335,21873.293333333335,main_broad_q08_m012,"主结果：广义公共支出口径；q=0.8；m_L={0,1,2}"
2,1,1,2,1,1,6.489470998322738,6.592800230031338,-0.1033292317086003,2-1-1,2-1-1,13,二胎/已有1孩|中低收入|无祖辈照护,0.0260416666666666,0.9,0.8158854166666668,6435.833333333333,中低收入→私营单位平均工资,0.8,1.0,0.26,6435.833333333333,0.0,0,10800.0,0.0,0.9,0.0,1673.3166666666666,0.0,0.0,0.0,10800.0,main_broad_q08_m012,"主结果：广义公共支出口径；q=0.8；m_L={0,1,2}"
2,1,1,2,1,2,7.002614159390355,6.592800230031338,0.4098139293590161,2-1-1,2-1-2,37,二胎/已有1孩|中低收入|无祖辈照护,0.0260416666666666,0.9,0.8158854166666668,6435.833333333333,中低收入→私营单位平均工资,0.8,1.0,0.26,6435.833333333333,0.0,0,10800.0,8400.0,0.9,7560.0,1673.3166666666666,0.0,0.0,0.0,18360.0,main_broad_q08_m012,"主结果：广义公共支出口径；q=0.8；m_L={0,1,2}"
2,1,1,2,2,1,6.963862608677767,6.592800230031338,0.3710623786464282,2-1-1,2-2-1,11,二胎/已有1孩|中低收入|无祖辈照护,0.0260416666666666,0.9,0.8158854166666668,6435.833333333333,中低收入→私营单位平均工资,0.8,1.0,0.26,6435.833333333333,1.0,6,10800.0,0.0,0.9,0.0,1673.3166666666666,5148.666666666667,4015.96,9164.626666666667,19964.626666666667,main_broad_q08_m012,"主结果：广义公共支出口径；q=0.8；m_L={0,1,2}"
2,1,1,2,2,2,7.089897290516696,6.592800230031338,0.4970970604853573,2-1-1,2-2-2,0,二胎/已有1孩|中低收入|无祖辈照护,0.0260416666666666,0.9,0.8158854166666668,6435.833333333333,中低收入→私营单位平均工资,0.8,1.0,0.26,6435.833333333333,1.0,6,10800.0,8400.0,0.9,7560.0,1673.3166666666666,5148.666666666667,4015.96,9164.626666666667,27524.626666666667,main_broad_q08_m012,"主结果：广义公共支出口径；q=0.8；m_L={0,1,2}"
2,1,1,2,3,1,7.144231334054605,6.592800230031338,0.5514311040232664,2-1-1,2-3-1,8,二胎/已有1孩|中低收入|无祖辈照护,0.0260416666666666,0.9,0.8158854166666668,6435.833333333333,中低收入→私营单位平均工资,0.8,1.0,0.26,6435.833333333333,2.0,6,10800.0,0.0,0.9,0.0,1673.3166666666666,10297.333333333334,4015.96,14313.293333333335,25113.293333333335,main_broad_q08_m012,"主结果：广义公共支出口径；q=0.8；m_L={0,1,2}"
2,1,1,2,3,2,7.491728426499721,6.592800230031338,0.8989281964683826,2-1-1,2-3-2,34,二胎/已有1孩|中低收入|无祖辈照护,0.0260416666666666,0.9,0.8158854166666668,6435.833333333333,中低收入→私营单位平均工资,0.8,1.0,0.26,6435.833333333333,2.0,6,10800.0,8400.0,0.9,7560.0,1673.3166666666666,10297.333333333334,4015.96,14313.293333333335,32673.293333333335,main_broad_q08_m012,"主结果：广义公共支出口径；q=0.8；m_L={0,1,2}"
2,1,1,3,1,1,7.03817399971953,6.592800230031338,0.4453737696881914,2-1-1,3-1-1,10,二胎/已有1孩|中低收入|无祖辈照护,0.0260416666666666,0.9,0.8158854166666668,6435.833333333333,中低收入→私营单位平均工资,0.8,1.0,0.26,6435.833333333333,0.0,0,21600.0,0.0,0.9,0.0,1673.3166666666666,0.0,0.0,0.0,21600.0,main_broad_q08_m012,"主结果：广义公共支出口径；q=0.8；m_L={0,1,2}"
2,1,1,3,1,2,7.456200717869259,6.592800230031338,0.8634004878379207,2-1-1,3-1-2,39,二胎/已有1孩|中低收入|无祖辈照护,0.0260416666666666,0.9,0.8158854166666668,6435.833333333333,中低收入→私营单位平均工资,0.8,1.0,0.26,6435.833333333333,0.0,0,21600.0,8400.0,0.9,7560.0,1673.3166666666666,0.0,0.0,0.0,29160.0,main_broad_q08_m012,"主结果：广义公共支出口径；q=0.8；m_L={0,1,2}"
2,1,1,3,2,1,7.445855086970338,6.592800230031338,0.853054856939,2-1-1,3-2-1,9,二胎/已有1孩|中低收入|无祖辈照护,0.0260416666666666,0.9,0.8158854166666668,6435.833333333333,中低收入→私营单位平均工资,0.8,1.0,0.26,6435.833333333333,1.0,6,21600.0,0.0,0.9,0.0,1673.3166666666666,5148.666666666667,4015.96,9164.626666666667,30764.626666666667,main_broad_q08_m012,"主结果：广义公共支出口径；q=0.8；m_L={0,1,2}"
2,1,1,3,2,2,7.476773325891381,6.592800230031338,0.8839730958600427,2-1-1,3-2-2,34,二胎/已有1孩|中低收入|无祖辈照护,0.0260416666666666,0.9,0.8158854166666668,6435.833333333333,中低收入→私营单位平均工资,0.8,1.0,0.26,6435.833333333333,1.0,6,21600.0,8400.0,0.9,7560.0,1673.3166666666666,5148.666666666667,4015.96,9164.626666666667,38324.62666666666,main_broad_q08_m012,"主结果：广义公共支出口径；q=0.8；m_L={0,1,2}"
2,1,1,3,3,1,7.723132646481158,6.592800230031338,1.1303324164498196,2-1-1,3-3-1,0,二胎/已有1孩|中低收入|无祖辈照护,0.0260416666666666,0.9,0.8158854166666668,6435.833333333333,中低收入→私营单位平均工资,0.8,1.0,0.26,6435.833333333333,2.0,6,21600.0,0.0,0.9,0.0,1673.3166666666666,10297.333333333334,4015.96,14313.293333333335,35913.293333333335,main_broad_q08_m012,"主结果：广义公共支出口径；q=0.8；m_L={0,1,2}"
2,1,1,3,3,2,7.975513296008389,6.592800230031338,1.3827130659770503,2-1-1,3-3-2,0,二胎/已有1孩|中低收入|无祖辈照护,0.0260416666666666,0.9,0.8158854166666668,6435.833333333333,中低收入→私营单位平均工资,0.8,1.0,0.26,6435.833333333333,2.0,6,21600.0,8400.0,0.9,7560.0,1673.3166666666666,10297.333333333334,4015.96,14313.293333333335,43473.293333333335,main_broad_q08_m012,"主结果：广义公共支出口径；q=0.8；m_L={0,1,2}"
2,1,2,1,1,1,7.301355574105692,7.301355574105692,0.0,2-1-2,1-1-1,47,二胎/已有1孩|中低收入|有祖辈照护,0.2213541666666666,0.7764705882352941,0.7717653508771929,6435.833333333333,中低收入→私营单位平均工资,0.8,1.0,0.26,6435.833333333333,0.0,0,0.0,0.0,0.7764705882352941,0.0,1673.3166666666666,0.0,0.0,0.0,0.0,main_broad_q08_m012,"主结果：广义公共支出口径；q=0.8；m_L={0,1,2}"
2,1,2,1,1,2,7.309732904981501,7.301355574105692,0.0083773308758088,2-1-2,1-1-2,48,二胎/已有1孩|中低收入|有祖辈照护,0.2213541666666666,0.7764705882352941,0.7717653508771929,6435.833333333333,中低收入→私营单位平均工资,0.8,1.0,0.26,6435.833333333333,0.0,0,0.0,8400.0,0.7764705882352941,6522.352941176471,1673.3166666666666,0.0,0.0,0.0,6522.352941176471,main_broad_q08_m012,"主结果：广义公共支出口径；q=0.8；m_L={0,1,2}"
2,1,2,1,2,1,7.602488298064915,7.301355574105692,0.3011327239592232,2-1-2,1-2-1,38,二胎/已有1孩|中低收入|有祖辈照护,0.2213541666666666,0.7764705882352941,0.7717653508771929,6435.833333333333,中低收入→私营单位平均工资,0.8,1.0,0.26,6435.833333333333,1.0,6,0.0,0.0,0.7764705882352941,0.0,1673.3166666666666,5148.666666666667,4015.96,9164.626666666667,9164.626666666667,main_broad_q08_m012,"主结果：广义公共支出口径；q=0.8；m_L={0,1,2}"
2,1,2,1,2,2,7.223757149712036,7.301355574105692,-0.0775984243936553,2-1-2,1-2-2,12,二胎/已有1孩|中低收入|有祖辈照护,0.2213541666666666,0.7764705882352941,0.7717653508771929,6435.833333333333,中低收入→私营单位平均工资,0.8,1.0,0.26,6435.833333333333,1.0,6,0.0,8400.0,0.7764705882352941,6522.352941176471,1673.3166666666666,5148.666666666667,4015.96,9164.626666666667,15686.97960784314,main_broad_q08_m012,"主结果：广义公共支出口径；q=0.8；m_L={0,1,2}"
2,1,2,1,3,1,7.678072232809717,7.301355574105692,0.3767166587040256,2-1-2,1-3-1,46,二胎/已有1孩|中低收入|有祖辈照护,0.2213541666666666,0.7764705882352941,0.7717653508771929,6435.833333333333,中低收入→私营单位平均工资,0.8,1.0,0.26,6435.833333333333,2.0,6,0.0,0.0,0.7764705882352941,0.0,1673.3166666666666,10297.333333333334,4015.96,14313.293333333335,14313.293333333335,main_broad_q08_m012,"主结果：广义公共支出口径；q=0.8；m_L={0,1,2}"
2,1,2,1,3,2,7.520803495063026,7.301355574105692,0.2194479209573341,2-1-2,1-3-2,47,二胎/已有1孩|中低收入|有祖辈照护,0.2213541666666666,0.7764705882352941,0.7717653508771929,6435.833333333333,中低收入→私营单位平均工资,0.8,1.0,0.26,6435.833333333333,2.0,6,0.0,8400.0,0.7764705882352941,6522.352941176471,1673.3166666666666,10297.333333333334,4015.96,14313.293333333335,20835.646274509807,main_broad_q08_m012,"主结果：广义公共支出口径；q=0.8；m_L={0,1,2}"
2,1,2,2,1,1,7.234397059517924,7.301355574105692,-0.0669585145877675,2-1-2,2-1-1,0,二胎/已有1孩|中低收入|有祖辈照护,0.2213541666666666,0.7764705882352941,0.7717653508771929,6435.833333333333,中低收入→私营单位平均工资,0.8,1.0,0.26,6435.833333333333,0.0,0,10800.0,0.0,0.7764705882352941,0.0,1673.3166666666666,0.0,0.0,0.0,10800.0,main_broad_q08_m012,"主结果：广义公共支出口径；q=0.8；m_L={0,1,2}"
2,1,2,2,1,2,7.426142801384275,7.301355574105692,0.124787227278583,2-1-2,2-1-2,0,二胎/已有1孩|中低收入|有祖辈照护,0.2213541666666666,0.7764705882352941,0.7717653508771929,6435.833333333333,中低收入→私营单位平均工资,0.8,1.0,0.26,6435.833333333333,0.0,0,10800.0,8400.0,0.7764705882352941,6522.352941176471,1673.3166666666666,0.0,0.0,0.0,17322.352941176472,main_broad_q08_m012,"主结果：广义公共支出口径；q=0.8；m_L={0,1,2}"
2,1,2,2,2,1,7.585563750083926,7.301355574105692,0.2842081759782342,2-1-2,2-2-1,35,二胎/已有1孩|中低收入|有祖辈照护,0.2213541666666666,0.7764705882352941,0.7717653508771929,6435.833333333333,中低收入→私营单位平均工资,0.8,1.0,0.26,6435.833333333333,1.0,6,10800.0,0.0,0.7764705882352941,0.0,1673.3166666666666,5148.666666666667,4015.96,9164.626666666667,19964.626666666667,main_broad_q08_m012,"主结果：广义公共支出口径；q=0.8；m_L={0,1,2}"
2,1,2,2,2,2,7.39020101272159,7.301355574105692,0.0888454386158983,2-1-2,2-2-2,11,二胎/已有1孩|中低收入|有祖辈照护,0.2213541666666666,0.7764705882352941,0.7717653508771929,6435.833333333333,中低收入→私营单位平均工资,0.8,1.0,0.26,6435.833333333333,1.0,6,10800.0,8400.0,0.7764705882352941,6522.352941176471,1673.3166666666666,5148.666666666667,4015.96,9164.626666666667,26486.97960784314,main_broad_q08_m012,"主结果：广义公共支出口径；q=0.8；m_L={0,1,2}"
2,1,2,2,3,1,7.700230721143114,7.301355574105692,0.3988751470374216,2-1-2,2-3-1,44,二胎/已有1孩|中低收入|有祖辈照护,0.2213541666666666,0.7764705882352941,0.7717653508771929,6435.833333333333,中低收入→私营单位平均工资,0.8,1.0,0.26,6435.833333333333,2.0,6,10800.0,0.0,0.7764705882352941,0.0,1673.3166666666666,10297.333333333334,4015.96,14313.293333333335,25113.293333333335,main_broad_q08_m012,"主结果：广义公共支出口径；q=0.8；m_L={0,1,2}"
2,1,2,2,3,2,7.726330394386965,7.301355574105692,0.4249748202812728,2-1-2,2-3-2,51,二胎/已有1孩|中低收入|有祖辈照护,0.2213541666666666,0.7764705882352941,0.7717653508771929,6435.833333333333,中低收入→私营单位平均工资,0.8,1.0,0.26,6435.833333333333,2.0,6,10800.0,8400.0,0.7764705882352941,6522.352941176471,1673.3166666666666,10297.333333333334,4015.96,14313.293333333335,31635.646274509807,main_broad_q08_m012,"主结果：广义公共支出口径；q=0.8；m_L={0,1,2}"
2,1,2,3,1,1,7.863785701477209,7.301355574105692,0.5624301273715169,2-1-2,3-1-1,10,二胎/已有1孩|中低收入|有祖辈照护,0.2213541666666666,0.7764705882352941,0.7717653508771929,6435.833333333333,中低收入→私营单位平均工资,0.8,1.0,0.26,6435.833333333333,0.0,0,21600.0,0.0,0.7764705882352941,0.0,1673.3166666666666,0.0,0.0,0.0,21600.0,main_broad_q08_m012,"主结果：广义公共支出口径；q=0.8；m_L={0,1,2}"
2,1,2,3,1,2,7.960415000425673,7.301355574105692,0.6590594263199812,2-1-2,3-1-2,34,二胎/已有1孩|中低收入|有祖辈照护,0.2213541666666666,0.7764705882352941,0.7717653508771929,6435.833333333333,中低收入→私营单位平均工资,0.8,1.0,0.26,6435.833333333333,0.0,0,21600.0,8400.0,0.7764705882352941,6522.352941176471,1673.3166666666666,0.0,0.0,0.0,28122.352941176472,main_broad_q08_m012,"主结果：广义公共支出口径；q=0.8；m_L={0,1,2}"
2,1,2,3,2,1,8.148241868938992,7.301355574105692,0.8468862948333005,2-1-2,3-2-1,49,二胎/已有1孩|中低收入|有祖辈照护,0.2213541666666666,0.7764705882352941,0.7717653508771929,6435.833333333333,中低收入→私营单位平均工资,0.8,1.0,0.26,6435.833333333333,1.0,6,21600.0,0.0,0.7764705882352941,0.0,1673.3166666666666,5148.666666666667,4015.96,9164.626666666667,30764.626666666667,main_broad_q08_m012,"主结果：广义公共支出口径；q=0.8；m_L={0,1,2}"
2,1,2,3,2,2,7.85776268865877,7.301355574105692,0.5564071145530782,2-1-2,3-2-2,50,二胎/已有1孩|中低收入|有祖辈照护,0.2213541666666666,0.7764705882352941,0.7717653508771929,6435.833333333333,中低收入→私营单位平均工资,0.8,1.0,0.26,6435.833333333333,1.0,6,21600.0,8400.0,0.7764705882352941,6522.352941176471,1673.3166666666666,5148.666666666667,4015.96,9164.626666666667,37286.97960784314,main_broad_q08_m012,"主结果：广义公共支出口径；q=0.8；m_L={0,1,2}"
2,1,2,3,3,1,8.359817674132161,7.301355574105692,1.0584621000264691,2-1-2,3-3-1,11,二胎/已有1孩|中低收入|有祖辈照护,0.2213541666666666,0.7764705882352941,0.7717653508771929,6435.833333333333,中低收入→私营单位平均工资,0.8,1.0,0.26,6435.833333333333,2.0,6,21600.0,0.0,0.7764705882352941,0.0,1673.3166666666666,10297.333333333334,4015.96,14313.293333333335,35913.293333333335,main_broad_q08_m012,"主结果：广义公共支出口径；q=0.8；m_L={0,1,2}"
2,1,2,3,3,2,8.290800904458127,7.301355574105692,0.9894453303524352,2-1-2,3-3-2,34,二胎/已有1孩|中低收入|有祖辈照护,0.2213541666666666,0.7764705882352941,0.7717653508771929,6435.833333333333,中低收入→私营单位平均工资,0.8,1.0,0.26,6435.833333333333,2.0,6,21600.0,8400.0,0.7764705882352941,6522.352941176471,1673.3166666666666,10297.333333333334,4015.96,14313.293333333335,42435.64627450981,main_broad_q08_m012,"主结果：广义公共支出口径；q=0.8；m_L={0,1,2}"
2,2,1,1,1,1,6.703759039356967,6.703759039356967,0.0,2-2-1,1-1-1,0,二胎/已有1孩|中高收入|无祖辈照护,0.0546875,0.6666666666666666,0.6876680107526882,11436.583333333334,中高收入→非私营单位平均工资,0.8,1.0,0.26,11436.583333333334,0.0,0,0.0,0.0,0.6666666666666666,0.0,2973.5116666666668,0.0,0.0,0.0,0.0,main_broad_q08_m012,"主结果：广义公共支出口径；q=0.8；m_L={0,1,2}"
2,2,1,1,1,2,7.121751406497774,6.703759039356967,0.4179923671408065,2-2-1,1-1-2,0,二胎/已有1孩|中高收入|无祖辈照护,0.0546875,0.6666666666666666,0.6876680107526882,11436.583333333334,中高收入→非私营单位平均工资,0.8,1.0,0.26,11436.583333333334,0.0,0,0.0,8400.0,0.6666666666666666,5600.0,2973.5116666666668,0.0,0.0,0.0,5600.0,main_broad_q08_m012,"主结果：广义公共支出口径；q=0.8；m_L={0,1,2}"
2,2,1,1,2,1,7.249400851892785,6.703759039356967,0.545641812535818,2-2-1,1-2-1,37,二胎/已有1孩|中高收入|无祖辈照护,0.0546875,0.6666666666666666,0.6876680107526882,11436.583333333334,中高收入→非私营单位平均工资,0.8,1.0,0.26,11436.583333333334,1.0,6,0.0,0.0,0.6666666666666666,0.0,2973.5116666666668,9149.266666666668,7136.428,16285.694666666668,16285.694666666668,main_broad_q08_m012,"主结果：广义公共支出口径；q=0.8；m_L={0,1,2}"
2,2,1,1,2,2,7.280284739804905,6.703759039356967,0.576525700447938,2-2-1,1-2-2,9,二胎/已有1孩|中高收入|无祖辈照护,0.0546875,0.6666666666666666,0.6876680107526882,11436.583333333334,中高收入→非私营单位平均工资,0.8,1.0,0.26,11436.583333333334,1.0,6,0.0,8400.0,0.6666666666666666,5600.0,2973.5116666666668,9149.266666666668,7136.428,16285.694666666668,21885.69466666667,main_broad_q08_m012,"主结果：广义公共支出口径；q=0.8；m_L={0,1,2}"
2,2,1,1,3,1,7.383448914066404,6.703759039356967,0.6796898747094371,2-2-1,1-3-1,0,二胎/已有1孩|中高收入|无祖辈照护,0.0546875,0.6666666666666666,0.6876680107526882,11436.583333333334,中高收入→非私营单位平均工资,0.8,1.0,0.26,11436.583333333334,2.0,6,0.0,0.0,0.6666666666666666,0.0,2973.5116666666668,18298.533333333336,7136.428,25434.961333333336,25434.961333333336,main_broad_q08_m012,"主结果：广义公共支出口径；q=0.8；m_L={0,1,2}"
2,2,1,1,3,2,7.635795212584712,6.703759039356967,0.9320361732277452,2-2-1,1-3-2,0,二胎/已有1孩|中高收入|无祖辈照护,0.0546875,0.6666666666666666,0.6876680107526882,11436.583333333334,中高收入→非私营单位平均工资,0.8,1.0,0.26,11436.583333333334,2.0,6,0.0,8400.0,0.6666666666666666,5600.0,2973.5116666666668,18298.533333333336,7136.428,25434.961333333336,31034.961333333336,main_broad_q08_m012,"主结果：广义公共支出口径；q=0.8；m_L={0,1,2}"
2,2,1,2,1,1,6.619593273024606,6.703759039356967,-0.0841657663323616,2-2-1,2-1-1,34,二胎/已有1孩|中高收入|无祖辈照护,0.0546875,0.6666666666666666,0.6876680107526882,11436.583333333334,中高收入→非私营单位平均工资,0.8,1.0,0.26,11436.583333333334,0.0,0,10800.0,0.0,0.6666666666666666,0.0,2973.5116666666668,0.0,0.0,0.0,10800.0,main_broad_q08_m012,"主结果：广义公共支出口径；q=0.8；m_L={0,1,2}"
2,2,1,2,1,2,7.220954051155956,6.703759039356967,0.5171950117989885,2-2-1,2-1-2,13,二胎/已有1孩|中高收入|无祖辈照护,0.0546875,0.6666666666666666,0.6876680107526882,11436.583333333334,中高收入→非私营单位平均工资,0.8,1.0,0.26,11436.583333333334,0.0,0,10800.0,8400.0,0.6666666666666666,5600.0,2973.5116666666668,0.0,0.0,0.0,16400.0,main_broad_q08_m012,"主结果：广义公共支出口径；q=0.8；m_L={0,1,2}"
2,2,1,2,2,1,7.215269052167204,6.703759039356967,0.5115100128102368,2-2-1,2-2-1,37,二胎/已有1孩|中高收入|无祖辈照护,0.0546875,0.6666666666666666,0.6876680107526882,11436.583333333334,中高收入→非私营单位平均工资,0.8,1.0,0.26,11436.583333333334,1.0,6,10800.0,0.0,0.6666666666666666,0.0,2973.5116666666668,9149.266666666668,7136.428,16285.694666666668,27085.69466666667,main_broad_q08_m012,"主结果：广义公共支出口径；q=0.8；m_L={0,1,2}"
2,2,1,2,2,2,7.429521351069866,6.703759039356967,0.7257623117128986,2-2-1,2-2-2,41,二胎/已有1孩|中高收入|无祖辈照护,0.0546875,0.6666666666666666,0.6876680107526882,11436.583333333334,中高收入→非私营单位平均工资,0.8,1.0,0.26,11436.583333333334,1.0,6,10800.0,8400.0,0.6666666666666666,5600.0,2973.5116666666668,9149.266666666668,7136.428,16285.694666666668,32685.69466666667,main_broad_q08_m012,"主结果：广义公共支出口径；q=0.8；m_L={0,1,2}"
2,2,1,2,3,1,7.388400150655206,6.703759039356967,0.6846411112982391,2-2-1,2-3-1,37,二胎/已有1孩|中高收入|无祖辈照护,0.0546875,0.6666666666666666,0.6876680107526882,11436.583333333334,中高收入→非私营单位平均工资,0.8,1.0,0.26,11436.583333333334,2.0,6,10800.0,0.0,0.6666666666666666,0.0,2973.5116666666668,18298.533333333336,7136.428,25434.961333333336,36234.96133333334,main_broad_q08_m012,"主结果：广义公共支出口径；q=0.8；m_L={0,1,2}"
2,2,1,2,3,2,7.824114860164057,6.703759039356967,1.1203558208070898,2-2-1,2-3-2,11,二胎/已有1孩|中高收入|无祖辈照护,0.0546875,0.6666666666666666,0.6876680107526882,11436.583333333334,中高收入→非私营单位平均工资,0.8,1.0,0.26,11436.583333333334,2.0,6,10800.0,8400.0,0.6666666666666666,5600.0,2973.5116666666668,18298.533333333336,7136.428,25434.961333333336,41834.96133333334,main_broad_q08_m012,"主结果：广义公共支出口径；q=0.8；m_L={0,1,2}"
2,2,1,3,1,1,6.805825082252429,6.703759039356967,0.102066042895462,2-2-1,3-1-1,0,二胎/已有1孩|中高收入|无祖辈照护,0.0546875,0.6666666666666666,0.6876680107526882,11436.583333333334,中高收入→非私营单位平均工资,0.8,1.0,0.26,11436.583333333334,0.0,0,21600.0,0.0,0.6666666666666666,0.0,2973.5116666666668,0.0,0.0,0.0,21600.0,main_broad_q08_m012,"主结果：广义公共支出口径；q=0.8；m_L={0,1,2}"
2,2,1,3,1,2,7.312069417465892,6.703759039356967,0.608310378108925,2-2-1,3-1-2,0,二胎/已有1孩|中高收入|无祖辈照护,0.0546875,0.6666666666666666,0.6876680107526882,11436.583333333334,中高收入→非私营单位平均工资,0.8,1.0,0.26,11436.583333333334,0.0,0,21600.0,8400.0,0.6666666666666666,5600.0,2973.5116666666668,0.0,0.0,0.0,27200.0,main_broad_q08_m012,"主结果：广义公共支出口径；q=0.8；m_L={0,1,2}"
2,2,1,3,2,1,7.3347903382908095,6.703759039356967,0.6310312989338422,2-2-1,3-2-1,36,二胎/已有1孩|中高收入|无祖辈照护,0.0546875,0.6666666666666666,0.6876680107526882,11436.583333333334,中高收入→非私营单位平均工资,0.8,1.0,0.26,11436.583333333334,1.0,6,21600.0,0.0,0.6666666666666666,0.0,2973.5116666666668,9149.266666666668,7136.428,16285.694666666668,37885.69466666667,main_broad_q08_m012,"主结果：广义公共支出口径；q=0.8；m_L={0,1,2}"
2,2,1,3,2,2,7.453926194275585,6.703759039356967,0.7501671549186177,2-2-1,3-2-2,11,二胎/已有1孩|中高收入|无祖辈照护,0.0546875,0.6666666666666666,0.6876680107526882,11436.583333333334,中高收入→非私营单位平均工资,0.8,1.0,0.26,11436.583333333334,1.0,6,21600.0,8400.0,0.6666666666666666,5600.0,2973.5116666666668,9149.266666666668,7136.428,16285.694666666668,43485.69466666667,main_broad_q08_m012,"主结果：广义公共支出口径；q=0.8；m_L={0,1,2}"
2,2,1,3,3,1,7.604830270912794,6.703759039356967,0.9010712315558268,2-2-1,3-3-1,35,二胎/已有1孩|中高收入|无祖辈照护,0.0546875,0.6666666666666666,0.6876680107526882,11436.583333333334,中高收入→非私营单位平均工资,0.8,1.0,0.26,11436.583333333334,2.0,6,21600.0,0.0,0.6666666666666666,0.0,2973.5116666666668,18298.533333333336,7136.428,25434.961333333336,47034.96133333334,main_broad_q08_m012,"主结果：广义公共支出口径；q=0.8；m_L={0,1,2}"
2,2,1,3,3,2,7.9454285375037585,6.703759039356967,1.2416694981467913,2-2-1,3-3-2,4,二胎/已有1孩|中高收入|无祖辈照护,0.0546875,0.6666666666666666,0.6876680107526882,11436.583333333334,中高收入→非私营单位平均工资,0.8,1.0,0.26,11436.583333333334,2.0,6,21600.0,8400.0,0.6666666666666666,5600.0,2973.5116666666668,18298.533333333336,7136.428,25434.961333333336,52634.96133333334,main_broad_q08_m012,"主结果：广义公共支出口径；q=0.8；m_L={0,1,2}"
2,2,2,1,1,1,7.412314383431322,7.412314383431322,0.0,2-2-2,1-1-1,45,二胎/已有1孩|中高收入|有祖辈照护,0.4869791666666667,0.732620320855615,0.7325771996615906,11436.583333333334,中高收入→非私营单位平均工资,0.8,1.0,0.26,11436.583333333334,0.0,0,0.0,0.0,0.732620320855615,0.0,2973.5116666666668,0.0,0.0,0.0,0.0,main_broad_q08_m012,"主结果：广义公共支出口径；q=0.8；m_L={0,1,2}"
2,2,2,1,1,2,7.508909331370862,7.412314383431322,0.0965949479395407,2-2-2,1-1-2,43,二胎/已有1孩|中高收入|有祖辈照护,0.4869791666666667,0.732620320855615,0.7325771996615906,11436.583333333334,中高收入→非私营单位平均工资,0.8,1.0,0.26,11436.583333333334,0.0,0,0.0,8400.0,0.732620320855615,6154.010695187166,2973.5116666666668,0.0,0.0,0.0,6154.010695187166,main_broad_q08_m012,"主结果：广义公共支出口径；q=0.8；m_L={0,1,2}"
2,2,2,1,2,1,7.834731276178113,7.412314383431322,0.4224168927467913,2-2-2,1-2-1,43,二胎/已有1孩|中高收入|有祖辈照护,0.4869791666666667,0.732620320855615,0.7325771996615906,11436.583333333334,中高收入→非私营单位平均工资,0.8,1.0,0.26,11436.583333333334,1.0,6,0.0,0.0,0.732620320855615,0.0,2973.5116666666668,9149.266666666668,7136.428,16285.694666666668,16285.694666666668,main_broad_q08_m012,"主结果：广义公共支出口径；q=0.8；m_L={0,1,2}"
2,2,2,1,2,2,7.544217744888968,7.412314383431322,0.1319033614576463,2-2-2,1-2-2,54,二胎/已有1孩|中高收入|有祖辈照护,0.4869791666666667,0.732620320855615,0.7325771996615906,11436.583333333334,中高收入→非私营单位平均工资,0.8,1.0,0.26,11436.583333333334,1.0,6,0.0,8400.0,0.732620320855615,6154.010695187166,2973.5116666666668,9149.266666666668,7136.428,16285.694666666668,22439.705361853834,main_broad_q08_m012,"主结果：广义公共支出口径；q=0.8；m_L={0,1,2}"
2,2,2,1,3,1,7.903077584034081,7.412314383431322,0.4907632006027596,2-2-2,1-3-1,11,二胎/已有1孩|中高收入|有祖辈照护,0.4869791666666667,0.732620320855615,0.7325771996615906,11436.583333333334,中高收入→非私营单位平均工资,0.8,1.0,0.26,11436.583333333334,2.0,6,0.0,0.0,0.732620320855615,0.0,2973.5116666666668,18298.533333333336,7136.428,25434.961333333336,25434.961333333336,main_broad_q08_m012,"主结果：广义公共支出口径；q=0.8；m_L={0,1,2}"
2,2,2,1,3,2,7.834026463351124,7.412314383431322,0.4217120799198026,2-2-2,1-3-2,36,二胎/已有1孩|中高收入|有祖辈照护,0.4869791666666667,0.732620320855615,0.7325771996615906,11436.583333333334,中高收入→非私营单位平均工资,0.8,1.0,0.26,11436.583333333334,2.0,6,0.0,8400.0,0.732620320855615,6154.010695187166,2973.5116666666668,18298.533333333336,7136.428,25434.961333333336,31588.972028520504,main_broad_q08_m012,"主结果：广义公共支出口径；q=0.8；m_L={0,1,2}"
2,2,2,2,1,1,7.364519334219792,7.412314383431322,-0.0477950492115297,2-2-2,2-1-1,43,二胎/已有1孩|中高收入|有祖辈照护,0.4869791666666667,0.732620320855615,0.7325771996615906,11436.583333333334,中高收入→非私营单位平均工资,0.8,1.0,0.26,11436.583333333334,0.0,0,10800.0,0.0,0.732620320855615,0.0,2973.5116666666668,0.0,0.0,0.0,10800.0,main_broad_q08_m012,"主结果：广义公共支出口径；q=0.8；m_L={0,1,2}"
2,2,2,2,1,2,7.644482693149875,7.412314383431322,0.2321683097185536,2-2-2,2-1-2,55,二胎/已有1孩|中高收入|有祖辈照护,0.4869791666666667,0.732620320855615,0.7325771996615906,11436.583333333334,中高收入→非私营单位平均工资,0.8,1.0,0.26,11436.583333333334,0.0,0,10800.0,8400.0,0.732620320855615,6154.010695187166,2973.5116666666668,0.0,0.0,0.0,16954.010695187164,main_broad_q08_m012,"主结果：广义公共支出口径；q=0.8；m_L={0,1,2}"
2,2,2,2,2,1,7.8369701935733636,7.412314383431322,0.4246558101420419,2-2-2,2-2-1,0,二胎/已有1孩|中高收入|有祖辈照护,0.4869791666666667,0.732620320855615,0.7325771996615906,11436.583333333334,中高收入→非私营单位平均工资,0.8,1.0,0.26,11436.583333333334,1.0,6,10800.0,0.0,0.732620320855615,0.0,2973.5116666666668,9149.266666666668,7136.428,16285.694666666668,27085.69466666667,main_broad_q08_m012,"主结果：广义公共支出口径；q=0.8；m_L={0,1,2}"
2,2,2,2,2,2,7.72982507327476,7.412314383431322,0.3175106898434388,2-2-2,2-2-2,0,二胎/已有1孩|中高收入|有祖辈照护,0.4869791666666667,0.732620320855615,0.7325771996615906,11436.583333333334,中高收入→非私营单位平均工资,0.8,1.0,0.26,11436.583333333334,1.0,6,10800.0,8400.0,0.732620320855615,6154.010695187166,2973.5116666666668,9149.266666666668,7136.428,16285.694666666668,33239.705361853834,main_broad_q08_m012,"主结果：广义公共支出口径；q=0.8；m_L={0,1,2}"
2,2,2,2,3,1,7.944399537743715,7.412314383431322,0.5320851543123934,2-2-2,2-3-1,10,二胎/已有1孩|中高收入|有祖辈照护,0.4869791666666667,0.732620320855615,0.7325771996615906,11436.583333333334,中高收入→非私营单位平均工资,0.8,1.0,0.26,11436.583333333334,2.0,6,10800.0,0.0,0.732620320855615,0.0,2973.5116666666668,18298.533333333336,7136.428,25434.961333333336,36234.96133333334,main_broad_q08_m012,"主结果：广义公共支出口径；q=0.8；m_L={0,1,2}"
2,2,2,2,3,2,8.0587168280513,7.412314383431322,0.6464024446199792,2-2-2,2-3-2,34,二胎/已有1孩|中高收入|有祖辈照护,0.4869791666666667,0.732620320855615,0.7325771996615906,11436.583333333334,中高收入→非私营单位平均工资,0.8,1.0,0.26,11436.583333333334,2.0,6,10800.0,8400.0,0.732620320855615,6154.010695187166,2973.5116666666668,18298.533333333336,7136.428,25434.961333333336,42388.9720285205,main_broad_q08_m012,"主结果：广义公共支出口径；q=0.8；m_L={0,1,2}"
2,2,2,3,1,1,7.631436784010109,7.412314383431322,0.2191224005787875,2-2-2,3-1-1,36,二胎/已有1孩|中高收入|有祖辈照护,0.4869791666666667,0.732620320855615,0.7325771996615906,11436.583333333334,中高收入→非私营单位平均工资,0.8,1.0,0.26,11436.583333333334,0.0,0,21600.0,0.0,0.732620320855615,0.0,2973.5116666666668,0.0,0.0,0.0,21600.0,main_broad_q08_m012,"主结果：广义公共支出口径；q=0.8；m_L={0,1,2}"
2,2,2,3,1,2,7.816283700022308,7.412314383431322,0.4039693165909863,2-2-2,3-1-2,10,二胎/已有1孩|中高收入|有祖辈照护,0.4869791666666667,0.732620320855615,0.7325771996615906,11436.583333333334,中高收入→非私营单位平均工资,0.8,1.0,0.26,11436.583333333334,0.0,0,21600.0,8400.0,0.732620320855615,6154.010695187166,2973.5116666666668,0.0,0.0,0.0,27754.010695187164,main_broad_q08_m012,"主结果：广义公共支出口径；q=0.8；m_L={0,1,2}"
2,2,2,3,2,1,8.037177120259463,7.412314383431322,0.624862736828141,2-2-2,3-2-1,40,二胎/已有1孩|中高收入|有祖辈照护,0.4869791666666667,0.732620320855615,0.7325771996615906,11436.583333333334,中高收入→非私营单位平均工资,0.8,1.0,0.26,11436.583333333334,1.0,6,21600.0,0.0,0.732620320855615,0.0,2973.5116666666668,9149.266666666668,7136.428,16285.694666666668,37885.69466666667,main_broad_q08_m012,"主结果：广义公共支出口径；q=0.8；m_L={0,1,2}"
2,2,2,3,2,2,7.834915557042975,7.412314383431322,0.4226011736116533,2-2-2,3-2-2,13,二胎/已有1孩|中高收入|有祖辈照护,0.4869791666666667,0.732620320855615,0.7325771996615906,11436.583333333334,中高收入→非私营单位平均工资,0.8,1.0,0.26,11436.583333333334,1.0,6,21600.0,8400.0,0.732620320855615,6154.010695187166,2973.5116666666668,9149.266666666668,7136.428,16285.694666666668,44039.705361853834,main_broad_q08_m012,"主结果：广义公共支出口径；q=0.8；m_L={0,1,2}"
2,2,2,3,3,1,8.241515298563797,7.412314383431322,0.8292009151324757,2-2-2,3-3-1,47,二胎/已有1孩|中高收入|有祖辈照护,0.4869791666666667,0.732620320855615,0.7325771996615906,11436.583333333334,中高收入→非私营单位平均工资,0.8,1.0,0.26,11436.583333333334,2.0,6,21600.0,0.0,0.732620320855615,0.0,2973.5116666666668,18298.533333333336,7136.428,25434.961333333336,47034.96133333334,main_broad_q08_m012,"主结果：广义公共支出口径；q=0.8；m_L={0,1,2}"
2,2,2,3,3,2,8.260716145953497,7.412314383431322,0.8484017625221751,2-2-2,3-3-2,46,二胎/已有1孩|中高收入|有祖辈照护,0.4869791666666667,0.732620320855615,0.7325771996615906,11436.583333333334,中高收入→非私营单位平均工资,0.8,1.0,0.26,11436.583333333334,2.0,6,21600.0,8400.0,0.732620320855615,6154.010695187166,2973.5116666666668,18298.533333333336,7136.428,25434.961333333336,53188.9720285205,main_broad_q08_m012,"主结果：广义公共支出口径；q=0.8；m_L={0,1,2}"
3,1,1,1,1,1,6.155491309140284,6.155491309140284,0.0,3-1-1,1-1-1,37,三胎/已有2孩及以上|中低收入|无祖辈照护,0.0026041666666666,1.0,0.7561553030303031,6435.833333333333,中低收入→私营单位平均工资,0.8,1.0,0.26,6435.833333333333,0.0,0,0.0,0.0,1.0,0.0,1673.3166666666666,0.0,0.0,0.0,0.0,main_broad_q08_m012,"主结果：广义公共支出口径；q=0.8；m_L={0,1,2}"
3,1,1,1,1,2,6.557378956044554,6.155491309140284,0.40188764690427,3-1-1,1-1-2,10,三胎/已有2孩及以上|中低收入|无祖辈照护,0.0026041666666666,1.0,0.7561553030303031,6435.833333333333,中低收入→私营单位平均工资,0.8,1.0,0.26,6435.833333333333,0.0,0,0.0,8400.0,1.0,8400.0,1673.3166666666666,0.0,0.0,0.0,8400.0,main_broad_q08_m012,"主结果：广义公共支出口径；q=0.8；m_L={0,1,2}"
3,1,1,1,2,1,6.319574030133873,6.155491309140284,0.1640827209935897,3-1-1,1-2-1,73,三胎/已有2孩及以上|中低收入|无祖辈照护,0.0026041666666666,1.0,0.7561553030303031,6435.833333333333,中低收入→私营单位平均工资,0.8,1.0,0.26,6435.833333333333,1.0,6,0.0,0.0,1.0,0.0,1673.3166666666666,5148.666666666667,4015.96,9164.626666666667,9164.626666666667,main_broad_q08_m012,"主结果：广义公共支出口径；q=0.8；m_L={0,1,2}"
3,1,1,1,2,2,6.334353197809457,6.155491309140284,0.1788618886691733,3-1-1,1-2-2,22,三胎/已有2孩及以上|中低收入|无祖辈照护,0.0026041666666666,1.0,0.7561553030303031,6435.833333333333,中低收入→私营单位平均工资,0.8,1.0,0.26,6435.833333333333,1.0,6,0.0,8400.0,1.0,8400.0,1673.3166666666666,5148.666666666667,4015.96,9164.626666666667,17564.626666666667,main_broad_q08_m012,"主结果：广义公共支出口径；q=0.8；m_L={0,1,2}"
3,1,1,1,3,1,6.450321063668814,6.155491309140284,0.2948297545285303,3-1-1,1-3-1,38,三胎/已有2孩及以上|中低收入|无祖辈照护,0.0026041666666666,1.0,0.7561553030303031,6435.833333333333,中低收入→私营单位平均工资,0.8,1.0,0.26,6435.833333333333,2.0,6,0.0,0.0,1.0,0.0,1673.3166666666666,10297.333333333334,4015.96,14313.293333333335,14313.293333333335,main_broad_q08_m012,"主结果：广义公共支出口径；q=0.8；m_L={0,1,2}"
3,1,1,1,3,2,6.686562641950588,6.155491309140284,0.5310713328103045,3-1-1,1-3-2,15,三胎/已有2孩及以上|中低收入|无祖辈照护,0.0026041666666666,1.0,0.7561553030303031,6435.833333333333,中低收入→私营单位平均工资,0.8,1.0,0.26,6435.833333333333,2.0,6,0.0,8400.0,1.0,8400.0,1673.3166666666666,10297.333333333334,4015.96,14313.293333333335,22713.293333333335,main_broad_q08_m012,"主结果：广义公共支出口径；q=0.8；m_L={0,1,2}"
3,1,1,2,1,1,6.19834687943325,6.155491309140284,0.042855570292966,3-1-1,2-1-1,72,三胎/已有2孩及以上|中低收入|无祖辈照护,0.0026041666666666,1.0,0.7561553030303031,6435.833333333333,中低收入→私营单位平均工资,0.8,1.0,0.26,6435.833333333333,0.0,0,10800.0,0.0,1.0,0.0,1673.3166666666666,0.0,0.0,0.0,10800.0,main_broad_q08_m012,"主结果：广义公共支出口径；q=0.8；m_L={0,1,2}"
3,1,1,2,1,2,6.783602937328066,6.155491309140284,0.6281116281877823,3-1-1,2-1-2,25,三胎/已有2孩及以上|中低收入|无祖辈照护,0.0026041666666666,1.0,0.7561553030303031,6435.833333333333,中低收入→私营单位平均工资,0.8,1.0,0.26,6435.833333333333,0.0,0,10800.0,8400.0,1.0,8400.0,1673.3166666666666,0.0,0.0,0.0,19200.0,main_broad_q08_m012,"主结果：广义公共支出口径；q=0.8；m_L={0,1,2}"
3,1,1,2,2,1,6.412463567033618,6.155491309140284,0.2569722578933344,3-1-1,2-2-1,38,三胎/已有2孩及以上|中低收入|无祖辈照护,0.0026041666666666,1.0,0.7561553030303031,6435.833333333333,中低收入→私营单位平均工资,0.8,1.0,0.26,6435.833333333333,1.0,6,10800.0,0.0,1.0,0.0,1673.3166666666666,5148.666666666667,4015.96,9164.626666666667,19964.626666666667,main_broad_q08_m012,"主结果：广义公共支出口径；q=0.8；m_L={0,1,2}"
3,1,1,2,2,2,6.610611145699746,6.155491309140284,0.4551198365594624,3-1-1,2-2-2,8,三胎/已有2孩及以上|中低收入|无祖辈照护,0.0026041666666666,1.0,0.7561553030303031,6435.833333333333,中低收入→私营单位平均工资,0.8,1.0,0.26,6435.833333333333,1.0,6,10800.0,8400.0,1.0,8400.0,1673.3166666666666,5148.666666666667,4015.96,9164.626666666667,28364.626666666667,main_broad_q08_m012,"主结果：广义公共支出口径；q=0.8；m_L={0,1,2}"
3,1,1,2,3,1,6.582293636882945,6.155491309140284,0.4268023277426618,3-1-1,2-3-1,70,三胎/已有2孩及以上|中低收入|无祖辈照护,0.0026041666666666,1.0,0.7561553030303031,6435.833333333333,中低收入→私营单位平均工资,0.8,1.0,0.26,6435.833333333333,2.0,6,10800.0,0.0,1.0,0.0,1673.3166666666666,10297.333333333334,4015.96,14313.293333333335,25113.293333333335,main_broad_q08_m012,"主结果：广义公共支出口径；q=0.8；m_L={0,1,2}"
3,1,1,2,3,2,7.001903626155264,6.155491309140284,0.8464123170149804,3-1-1,2-3-2,20,三胎/已有2孩及以上|中低收入|无祖辈照护,0.0026041666666666,1.0,0.7561553030303031,6435.833333333333,中低收入→私营单位平均工资,0.8,1.0,0.26,6435.833333333333,2.0,6,10800.0,8400.0,1.0,8400.0,1673.3166666666666,10297.333333333334,4015.96,14313.293333333335,33513.293333333335,main_broad_q08_m012,"主结果：广义公共支出口径；q=0.8；m_L={0,1,2}"
3,1,1,3,1,1,6.528128244893124,6.155491309140284,0.3726369357528405,3-1-1,3-1-1,0,三胎/已有2孩及以上|中低收入|无祖辈照护,0.0026041666666666,1.0,0.7561553030303031,6435.833333333333,中低收入→私营单位平均工资,0.8,1.0,0.26,6435.833333333333,0.0,0,21600.0,0.0,1.0,0.0,1673.3166666666666,0.0,0.0,0.0,21600.0,main_broad_q08_m012,"主结果：广义公共支出口径；q=0.8；m_L={0,1,2}"
3,1,1,3,1,2,7.018267859870054,6.155491309140284,0.8627765507297704,3-1-1,3-1-2,0,三胎/已有2孩及以上|中低收入|无祖辈照护,0.0026041666666666,1.0,0.7561553030303031,6435.833333333333,中低收入→私营单位平均工资,0.8,1.0,0.26,6435.833333333333,0.0,0,21600.0,8400.0,1.0,8400.0,1673.3166666666666,0.0,0.0,0.0,30000.0,main_broad_q08_m012,"主结果：广义公共支出口径；q=0.8；m_L={0,1,2}"
3,1,1,3,2,1,6.675534409389275,6.155491309140284,0.5200431002489916,3-1-1,3-2-1,35,三胎/已有2孩及以上|中低收入|无祖辈照护,0.0026041666666666,1.0,0.7561553030303031,6435.833333333333,中低收入→私营单位平均工资,0.8,1.0,0.26,6435.833333333333,1.0,6,21600.0,0.0,1.0,0.0,1673.3166666666666,5148.666666666667,4015.96,9164.626666666667,30764.626666666667,main_broad_q08_m012,"主结果：广义公共支出口径；q=0.8；m_L={0,1,2}"
3,1,1,3,2,2,6.778565545137516,6.155491309140284,0.6230742359972323,3-1-1,3-2-2,12,三胎/已有2孩及以上|中低收入|无祖辈照护,0.0026041666666666,1.0,0.7561553030303031,6435.833333333333,中低收入→私营单位平均工资,0.8,1.0,0.26,6435.833333333333,1.0,6,21600.0,8400.0,1.0,8400.0,1673.3166666666666,5148.666666666667,4015.96,9164.626666666667,39164.62666666666,main_broad_q08_m012,"主结果：广义公共支出口径；q=0.8；m_L={0,1,2}"
3,1,1,3,3,1,6.942273313372585,6.155491309140284,0.7867820042323013,3-1-1,3-3-1,69,三胎/已有2孩及以上|中低收入|无祖辈照护,0.0026041666666666,1.0,0.7561553030303031,6435.833333333333,中低收入→私营单位平均工资,0.8,1.0,0.26,6435.833333333333,2.0,6,21600.0,0.0,1.0,0.0,1673.3166666666666,10297.333333333334,4015.96,14313.293333333335,35913.293333333335,main_broad_q08_m012,"主结果：广义公共支出口径；q=0.8；m_L={0,1,2}"
3,1,1,3,3,2,7.266766859727016,6.155491309140284,1.1112755505867329,3-1-1,3-3-2,27,三胎/已有2孩及以上|中低收入|无祖辈照护,0.0026041666666666,1.0,0.7561553030303031,6435.833333333333,中低收入→私营单位平均工资,0.8,1.0,0.26,6435.833333333333,2.0,6,21600.0,8400.0,1.0,8400.0,1673.3166666666666,10297.333333333334,4015.96,14313.293333333335,44313.293333333335,main_broad_q08_m012,"主结果：广义公共支出口径；q=0.8；m_L={0,1,2}"
3,1,2,1,1,1,6.864046653214636,6.864046653214636,0.0,3-1-2,1-1-1,9,三胎/已有2孩及以上|中低收入|有祖辈照护,0.0078125,0.6666666666666666,0.7167467948717949,6435.833333333333,中低收入→私营单位平均工资,0.8,1.0,0.26,6435.833333333333,0.0,0,0.0,0.0,0.6666666666666666,0.0,1673.3166666666666,0.0,0.0,0.0,0.0,main_broad_q08_m012,"主结果：广义公共支出口径；q=0.8；m_L={0,1,2}"
3,1,2,1,1,2,6.944536880917644,6.864046653214636,0.0804902277030077,3-1-2,1-1-2,37,三胎/已有2孩及以上|中低收入|有祖辈照护,0.0078125,0.6666666666666666,0.7167467948717949,6435.833333333333,中低收入→私营单位平均工资,0.8,1.0,0.26,6435.833333333333,0.0,0,0.0,8400.0,0.6666666666666666,5600.0,1673.3166666666666,0.0,0.0,0.0,5600.0,main_broad_q08_m012,"主结果：广义公共支出口径；q=0.8；m_L={0,1,2}"
3,1,2,1,2,1,6.904904454419199,6.864046653214636,0.040857801204563,3-1-2,1-2-1,9,三胎/已有2孩及以上|中低收入|有祖辈照护,0.0078125,0.6666666666666666,0.7167467948717949,6435.833333333333,中低收入→私营单位平均工资,0.8,1.0,0.26,6435.833333333333,1.0,6,0.0,0.0,0.6666666666666666,0.0,1673.3166666666666,5148.666666666667,4015.96,9164.626666666667,9164.626666666667,main_broad_q08_m012,"主结果：广义公共支出口径；q=0.8；m_L={0,1,2}"
3,1,2,1,2,2,6.598286202893519,6.864046653214636,-0.2657604503211175,3-1-2,1-2-2,34,三胎/已有2孩及以上|中低收入|有祖辈照护,0.0078125,0.6666666666666666,0.7167467948717949,6435.833333333333,中低收入→私营单位平均工资,0.8,1.0,0.26,6435.833333333333,1.0,6,0.0,8400.0,0.6666666666666666,5600.0,1673.3166666666666,5148.666666666667,4015.96,9164.626666666667,14764.626666666667,main_broad_q08_m012,"主结果：广义公共支出口径；q=0.8；m_L={0,1,2}"
3,1,2,1,3,1,6.969949733636492,6.864046653214636,0.1059030804218554,3-1-2,1-3-1,0,三胎/已有2孩及以上|中低收入|有祖辈照护,0.0078125,0.6666666666666666,0.7167467948717949,6435.833333333333,中低收入→私营单位平均工资,0.8,1.0,0.26,6435.833333333333,2.0,6,0.0,0.0,0.6666666666666666,0.0,1673.3166666666666,10297.333333333334,4015.96,14313.293333333335,14313.293333333335,main_broad_q08_m012,"主结果：广义公共支出口径；q=0.8；m_L={0,1,2}"
3,1,2,1,3,2,6.884793892717001,6.864046653214636,0.0207472395023646,3-1-2,1-3-2,0,三胎/已有2孩及以上|中低收入|有祖辈照护,0.0078125,0.6666666666666666,0.7167467948717949,6435.833333333333,中低收入→私营单位平均工资,0.8,1.0,0.26,6435.833333333333,2.0,6,0.0,8400.0,0.6666666666666666,5600.0,1673.3166666666666,10297.333333333334,4015.96,14313.293333333335,19913.293333333335,main_broad_q08_m012,"主结果：广义公共支出口径；q=0.8；m_L={0,1,2}"
3,1,2,2,1,1,6.943272940628437,6.864046653214636,0.0792262874138005,3-1-2,2-1-1,12,三胎/已有2孩及以上|中低收入|有祖辈照护,0.0078125,0.6666666666666666,0.7167467948717949,6435.833333333333,中低收入→私营单位平均工资,0.8,1.0,0.26,6435.833333333333,0.0,0,10800.0,0.0,0.6666666666666666,0.0,1673.3166666666666,0.0,0.0,0.0,10800.0,main_broad_q08_m012,"主结果：广义公共支出口径；q=0.8；m_L={0,1,2}"
3,1,2,2,1,2,7.207131579321987,6.864046653214636,0.343084926107351,3-1-2,2-1-2,34,三胎/已有2孩及以上|中低收入|有祖辈照护,0.0078125,0.6666666666666666,0.7167467948717949,6435.833333333333,中低收入→私营单位平均工资,0.8,1.0,0.26,6435.833333333333,0.0,0,10800.0,8400.0,0.6666666666666666,5600.0,1673.3166666666666,0.0,0.0,0.0,16400.0,main_broad_q08_m012,"主结果：广义公共支出口径；q=0.8；m_L={0,1,2}"
3,1,2,2,2,1,7.0341647084397785,6.864046653214636,0.1701180552251422,3-1-2,2-2-1,0,三胎/已有2孩及以上|中低收入|有祖辈照护,0.0078125,0.6666666666666666,0.7167467948717949,6435.833333333333,中低收入→私营单位平均工资,0.8,1.0,0.26,6435.833333333333,1.0,6,10800.0,0.0,0.6666666666666666,0.0,1673.3166666666666,5148.666666666667,4015.96,9164.626666666667,19964.626666666667,main_broad_q08_m012,"主结果：广义公共支出口径；q=0.8；m_L={0,1,2}"
3,1,2,2,2,2,6.910914867904642,6.864046653214636,0.0468682146900061,3-1-2,2-2-2,0,三胎/已有2孩及以上|中低收入|有祖辈照护,0.0078125,0.6666666666666666,0.7167467948717949,6435.833333333333,中低收入→私营单位平均工资,0.8,1.0,0.26,6435.833333333333,1.0,6,10800.0,8400.0,0.6666666666666666,5600.0,1673.3166666666666,5148.666666666667,4015.96,9164.626666666667,25564.626666666667,main_broad_q08_m012,"主结果：广义公共支出口径；q=0.8；m_L={0,1,2}"
3,1,2,2,3,1,7.138293023971455,6.864046653214636,0.2742463707568188,3-1-2,2-3-1,0,三胎/已有2孩及以上|中低收入|有祖辈照护,0.0078125,0.6666666666666666,0.7167467948717949,6435.833333333333,中低收入→私营单位平均工资,0.8,1.0,0.26,6435.833333333333,2.0,6,10800.0,0.0,0.6666666666666666,0.0,1673.3166666666666,10297.333333333334,4015.96,14313.293333333335,25113.293333333335,main_broad_q08_m012,"主结果：广义公共支出口径；q=0.8；m_L={0,1,2}"
3,1,2,2,3,2,7.236505594042507,6.864046653214636,0.3724589408278707,3-1-2,2-3-2,0,三胎/已有2孩及以上|中低收入|有祖辈照护,0.0078125,0.6666666666666666,0.7167467948717949,6435.833333333333,中低收入→私营单位平均工资,0.8,1.0,0.26,6435.833333333333,2.0,6,10800.0,8400.0,0.6666666666666666,5600.0,1673.3166666666666,10297.333333333334,4015.96,14313.293333333335,30713.293333333335,main_broad_q08_m012,"主结果：广义公共支出口径；q=0.8；m_L={0,1,2}"
3,1,2,3,1,1,7.353739946650805,6.864046653214636,0.4896932934361686,3-1-2,3-1-1,12,三胎/已有2孩及以上|中低收入|有祖辈照护,0.0078125,0.6666666666666666,0.7167467948717949,6435.833333333333,中低收入→私营单位平均工资,0.8,1.0,0.26,6435.833333333333,0.0,0,21600.0,0.0,0.6666666666666666,0.0,1673.3166666666666,0.0,0.0,0.0,21600.0,main_broad_q08_m012,"主结果：广义公共支出口径；q=0.8；m_L={0,1,2}"
3,1,2,3,1,2,7.522482142426469,6.864046653214636,0.6584354892118327,3-1-2,3-1-2,35,三胎/已有2孩及以上|中低收入|有祖辈照护,0.0078125,0.6666666666666666,0.7167467948717949,6435.833333333333,中低收入→私营单位平均工资,0.8,1.0,0.26,6435.833333333333,0.0,0,21600.0,8400.0,0.6666666666666666,5600.0,1673.3166666666666,0.0,0.0,0.0,27200.0,main_broad_q08_m012,"主结果：广义公共支出口径；q=0.8；m_L={0,1,2}"
3,1,2,3,2,1,7.377921191357929,6.864046653214636,0.513874538143293,3-1-2,3-2-1,10,三胎/已有2孩及以上|中低收入|有祖辈照护,0.0078125,0.6666666666666666,0.7167467948717949,6435.833333333333,中低收入→私营单位平均工资,0.8,1.0,0.26,6435.833333333333,1.0,6,21600.0,0.0,0.6666666666666666,0.0,1673.3166666666666,5148.666666666667,4015.96,9164.626666666667,30764.626666666667,main_broad_q08_m012,"主结果：广义公共支出口径；q=0.8；m_L={0,1,2}"
3,1,2,3,2,2,7.159554907904908,6.864046653214636,0.2955082546902714,3-1-2,3-2-2,31,三胎/已有2孩及以上|中低收入|有祖辈照护,0.0078125,0.6666666666666666,0.7167467948717949,6435.833333333333,中低收入→私营单位平均工资,0.8,1.0,0.26,6435.833333333333,1.0,6,21600.0,8400.0,0.6666666666666666,5600.0,1673.3166666666666,5148.666666666667,4015.96,9164.626666666667,36364.62666666666,main_broad_q08_m012,"主结果：广义公共支出口径；q=0.8；m_L={0,1,2}"
3,1,2,3,3,1,7.578958341023588,6.864046653214636,0.7149116878089519,3-1-2,3-3-1,10,三胎/已有2孩及以上|中低收入|有祖辈照护,0.0078125,0.6666666666666666,0.7167467948717949,6435.833333333333,中低收入→私营单位平均工资,0.8,1.0,0.26,6435.833333333333,2.0,6,21600.0,0.0,0.6666666666666666,0.0,1673.3166666666666,10297.333333333334,4015.96,14313.293333333335,35913.293333333335,main_broad_q08_m012,"主结果：广义公共支出口径；q=0.8；m_L={0,1,2}"
3,1,2,3,3,2,7.582054468176754,6.864046653214636,0.7180078149621174,3-1-2,3-3-2,33,三胎/已有2孩及以上|中低收入|有祖辈照护,0.0078125,0.6666666666666666,0.7167467948717949,6435.833333333333,中低收入→私营单位平均工资,0.8,1.0,0.26,6435.833333333333,2.0,6,21600.0,8400.0,0.6666666666666666,5600.0,1673.3166666666666,10297.333333333334,4015.96,14313.293333333335,41513.293333333335,main_broad_q08_m012,"主结果：广义公共支出口径；q=0.8；m_L={0,1,2}"
3,2,1,1,1,1,6.2664501184659125,6.2664501184659125,0.0,3-2-1,1-1-1,0,三胎/已有2孩及以上|中高收入|无祖辈照护,0.0130208333333333,0.6,0.6878472222222223,11436.583333333334,中高收入→非私营单位平均工资,0.8,1.0,0.26,11436.583333333334,0.0,0,0.0,0.0,0.6,0.0,2973.5116666666668,0.0,0.0,0.0,0.0,main_broad_q08_m012,"主结果：广义公共支出口径；q=0.8；m_L={0,1,2}"
3,2,1,1,1,2,6.756555382433918,6.2664501184659125,0.4901052639680054,3-2-1,1-1-2,0,三胎/已有2孩及以上|中高收入|无祖辈照护,0.0130208333333333,0.6,0.6878472222222223,11436.583333333334,中高收入→非私营单位平均工资,0.8,1.0,0.26,11436.583333333334,0.0,0,0.0,8400.0,0.6,5040.0,2973.5116666666668,0.0,0.0,0.0,5040.0,main_broad_q08_m012,"主结果：广义公共支出口径；q=0.8；m_L={0,1,2}"
3,2,1,1,2,1,6.551817008247071,6.2664501184659125,0.2853668897811587,3-2-1,1-2-1,35,三胎/已有2孩及以上|中高收入|无祖辈照护,0.0130208333333333,0.6,0.6878472222222223,11436.583333333334,中高收入→非私营单位平均工资,0.8,1.0,0.26,11436.583333333334,1.0,6,0.0,0.0,0.6,0.0,2973.5116666666668,9149.266666666668,7136.428,16285.694666666668,16285.694666666668,main_broad_q08_m012,"主结果：广义公共支出口径；q=0.8；m_L={0,1,2}"
3,2,1,1,2,2,6.654813792986393,6.2664501184659125,0.3883636745204804,3-2-1,1-2-2,11,三胎/已有2孩及以上|中高收入|无祖辈照护,0.0130208333333333,0.6,0.6878472222222223,11436.583333333334,中高收入→非私营单位平均工资,0.8,1.0,0.26,11436.583333333334,1.0,6,0.0,8400.0,0.6,5040.0,2973.5116666666668,9149.266666666668,7136.428,16285.694666666668,21325.69466666667,main_broad_q08_m012,"主结果：广义公共支出口径；q=0.8；m_L={0,1,2}"
3,2,1,1,3,1,6.675326414893181,6.2664501184659125,0.4088762964272687,3-2-1,1-3-1,36,三胎/已有2孩及以上|中高收入|无祖辈照护,0.0130208333333333,0.6,0.6878472222222223,11436.583333333334,中高收入→非私营单位平均工资,0.8,1.0,0.26,11436.583333333334,2.0,6,0.0,0.0,0.6,0.0,2973.5116666666668,18298.533333333336,7136.428,25434.961333333336,25434.961333333336,main_broad_q08_m012,"主结果：广义公共支出口径；q=0.8；m_L={0,1,2}"
3,2,1,1,3,2,6.999785610238687,6.2664501184659125,0.7333354917727748,3-2-1,1-3-2,9,三胎/已有2孩及以上|中高收入|无祖辈照护,0.0130208333333333,0.6,0.6878472222222223,11436.583333333334,中高收入→非私营单位平均工资,0.8,1.0,0.26,11436.583333333334,2.0,6,0.0,8400.0,0.6,5040.0,2973.5116666666668,18298.533333333336,7136.428,25434.961333333336,30474.961333333336,main_broad_q08_m012,"主结果：广义公共支出口径；q=0.8；m_L={0,1,2}"
3,2,1,2,1,1,6.328469154135117,6.2664501184659125,0.0620190356692047,3-2-1,2-1-1,0,三胎/已有2孩及以上|中高收入|无祖辈照护,0.0130208333333333,0.6,0.6878472222222223,11436.583333333334,中高收入→非私营单位平均工资,0.8,1.0,0.26,11436.583333333334,0.0,0,10800.0,0.0,0.6,0.0,2973.5116666666668,0.0,0.0,0.0,10800.0,main_broad_q08_m012,"主结果：广义公共支出口径；q=0.8；m_L={0,1,2}"
3,2,1,2,1,2,7.001942829093666,6.2664501184659125,0.7354927106277538,3-2-1,2-1-2,0,三胎/已有2孩及以上|中高收入|无祖辈照护,0.0130208333333333,0.6,0.6878472222222223,11436.583333333334,中高收入→非私营单位平均工资,0.8,1.0,0.26,11436.583333333334,0.0,0,10800.0,8400.0,0.6,5040.0,2973.5116666666668,0.0,0.0,0.0,15840.0,main_broad_q08_m012,"主结果：广义公共支出口径；q=0.8；m_L={0,1,2}"
3,2,1,2,2,1,6.663870010523056,6.2664501184659125,0.3974198920571439,3-2-1,2-2-1,36,三胎/已有2孩及以上|中高收入|无祖辈照护,0.0130208333333333,0.6,0.6878472222222223,11436.583333333334,中高收入→非私营单位平均工资,0.8,1.0,0.26,11436.583333333334,1.0,6,10800.0,0.0,0.6,0.0,2973.5116666666668,9149.266666666668,7136.428,16285.694666666668,27085.69466666667,main_broad_q08_m012,"主结果：广义公共支出口径；q=0.8；m_L={0,1,2}"
3,2,1,2,2,2,6.950235206252918,6.2664501184659125,0.6837850877870055,3-2-1,2-2-2,9,三胎/已有2孩及以上|中高收入|无祖辈照护,0.0130208333333333,0.6,0.6878472222222223,11436.583333333334,中高收入→非私营单位平均工资,0.8,1.0,0.26,11436.583333333334,1.0,6,10800.0,8400.0,0.6,5040.0,2973.5116666666668,9149.266666666668,7136.428,16285.694666666668,32125.69466666667,main_broad_q08_m012,"主结果：广义公共支出口径；q=0.8；m_L={0,1,2}"
3,2,1,2,3,1,6.826462453483549,6.2664501184659125,0.5600123350176363,3-2-1,2-3-1,0,三胎/已有2孩及以上|中高收入|无祖辈照护,0.0130208333333333,0.6,0.6878472222222223,11436.583333333334,中高收入→非私营单位平均工资,0.8,1.0,0.26,11436.583333333334,2.0,6,10800.0,0.0,0.6,0.0,2973.5116666666668,18298.533333333336,7136.428,25434.961333333336,36234.96133333334,main_broad_q08_m012,"主结果：广义公共支出口径；q=0.8；m_L={0,1,2}"
3,2,1,2,3,2,7.334290059819599,6.2664501184659125,1.0678399413536868,3-2-1,2-3-2,0,三胎/已有2孩及以上|中高收入|无祖辈照护,0.0130208333333333,0.6,0.6878472222222223,11436.583333333334,中高收入→非私营单位平均工资,0.8,1.0,0.26,11436.583333333334,2.0,6,10800.0,8400.0,0.6,5040.0,2973.5116666666668,18298.533333333336,7136.428,25434.961333333336,41274.96133333334,main_broad_q08_m012,"主结果：广义公共支出口径；q=0.8；m_L={0,1,2}"
3,2,1,3,1,1,6.295779327426025,6.2664501184659125,0.0293292089601129,3-2-1,3-1-1,34,三胎/已有2孩及以上|中高收入|无祖辈照护,0.0130208333333333,0.6,0.6878472222222223,11436.583333333334,中高收入→非私营单位平均工资,0.8,1.0,0.26,11436.583333333334,0.0,0,21600.0,0.0,0.6,0.0,2973.5116666666668,0.0,0.0,0.0,21600.0,main_broad_q08_m012,"主结果：广义公共支出口径；q=0.8；m_L={0,1,2}"
3,2,1,3,1,2,6.874136559466689,6.2664501184659125,0.6076864410007765,3-2-1,3-1-2,12,三胎/已有2孩及以上|中高收入|无祖辈照护,0.0130208333333333,0.6,0.6878472222222223,11436.583333333334,中高收入→非私营单位平均工资,0.8,1.0,0.26,11436.583333333334,0.0,0,21600.0,8400.0,0.6,5040.0,2973.5116666666668,0.0,0.0,0.0,26640.0,main_broad_q08_m012,"主结果：广义公共支出口径；q=0.8；m_L={0,1,2}"
3,2,1,3,2,1,6.5644696607097455,6.2664501184659125,0.298019542243833,3-2-1,3-2-1,32,三胎/已有2孩及以上|中高收入|无祖辈照护,0.0130208333333333,0.6,0.6878472222222223,11436.583333333334,中高收入→非私营单位平均工资,0.8,1.0,0.26,11436.583333333334,1.0,6,21600.0,0.0,0.6,0.0,2973.5116666666668,9149.266666666668,7136.428,16285.694666666668,37885.69466666667,main_broad_q08_m012,"主结果：广义公共支出口径；q=0.8；m_L={0,1,2}"
3,2,1,3,2,2,6.7557184135217225,6.2664501184659125,0.48926829505581,3-2-1,3-2-2,7,三胎/已有2孩及以上|中高收入|无祖辈照护,0.0130208333333333,0.6,0.6878472222222223,11436.583333333334,中高收入→非私营单位平均工资,0.8,1.0,0.26,11436.583333333334,1.0,6,21600.0,8400.0,0.6,5040.0,2973.5116666666668,9149.266666666668,7136.428,16285.694666666668,42925.69466666667,main_broad_q08_m012,"主结果：广义公共支出口径；q=0.8；m_L={0,1,2}"
3,2,1,3,3,1,6.823970937804221,6.2664501184659125,0.5575208193383085,3-2-1,3-3-1,36,三胎/已有2孩及以上|中高收入|无祖辈照护,0.0130208333333333,0.6,0.6878472222222223,11436.583333333334,中高收入→非私营单位平均工资,0.8,1.0,0.26,11436.583333333334,2.0,6,21600.0,0.0,0.6,0.0,2973.5116666666668,18298.533333333336,7136.428,25434.961333333336,47034.96133333334,main_broad_q08_m012,"主结果：广义公共支出口径；q=0.8；m_L={0,1,2}"
3,2,1,3,3,2,7.236682101222386,6.2664501184659125,0.9702319827564736,3-2-1,3-3-2,13,三胎/已有2孩及以上|中高收入|无祖辈照护,0.0130208333333333,0.6,0.6878472222222223,11436.583333333334,中高收入→非私营单位平均工资,0.8,1.0,0.26,11436.583333333334,2.0,6,21600.0,8400.0,0.6,5040.0,2973.5116666666668,18298.533333333336,7136.428,25434.961333333336,52074.96133333334,main_broad_q08_m012,"主结果：广义公共支出口径；q=0.8；m_L={0,1,2}"
3,2,2,1,1,1,6.975005462540265,6.975005462540265,0.0,3-2-2,1-1-1,10,三胎/已有2孩及以上|中高收入|有祖辈照护,0.0833333333333333,0.71875,0.7218501984126985,11436.583333333334,中高收入→非私营单位平均工资,0.8,1.0,0.26,11436.583333333334,0.0,0,0.0,0.0,0.71875,0.0,2973.5116666666668,0.0,0.0,0.0,0.0,main_broad_q08_m012,"主结果：广义公共支出口径；q=0.8；m_L={0,1,2}"
3,2,2,1,1,2,7.143713307307007,6.975005462540265,0.1687078447667414,3-2-2,1-1-2,36,三胎/已有2孩及以上|中高收入|有祖辈照护,0.0833333333333333,0.71875,0.7218501984126985,11436.583333333334,中高收入→非私营单位平均工资,0.8,1.0,0.26,11436.583333333334,0.0,0,0.0,8400.0,0.71875,6037.5,2973.5116666666668,0.0,0.0,0.0,6037.5,main_broad_q08_m012,"主结果：广义公共支出口径；q=0.8；m_L={0,1,2}"
3,2,2,1,2,1,7.137147432532398,6.975005462540265,0.1621419699921329,3-2-2,1-2-1,13,三胎/已有2孩及以上|中高收入|有祖辈照护,0.0833333333333333,0.71875,0.7218501984126985,11436.583333333334,中高收入→非私营单位平均工资,0.8,1.0,0.26,11436.583333333334,1.0,6,0.0,0.0,0.71875,0.0,2973.5116666666668,9149.266666666668,7136.428,16285.694666666668,16285.694666666668,main_broad_q08_m012,"主结果：广义公共支出口径；q=0.8；m_L={0,1,2}"
3,2,2,1,2,2,6.918746798070453,6.975005462540265,-0.0562586644698122,3-2-2,1-2-2,36,三胎/已有2孩及以上|中高收入|有祖辈照护,0.0833333333333333,0.71875,0.7218501984126985,11436.583333333334,中高收入→非私营单位平均工资,0.8,1.0,0.26,11436.583333333334,1.0,6,0.0,8400.0,0.71875,6037.5,2973.5116666666668,9149.266666666668,7136.428,16285.694666666668,22323.19466666667,main_broad_q08_m012,"主结果：广义公共支出口径；q=0.8；m_L={0,1,2}"
3,2,2,1,3,1,7.194955084860856,6.975005462540265,0.2199496223205912,3-2-2,1-3-1,22,三胎/已有2孩及以上|中高收入|有祖辈照护,0.0833333333333333,0.71875,0.7218501984126985,11436.583333333334,中高收入→非私营单位平均工资,0.8,1.0,0.26,11436.583333333334,2.0,6,0.0,0.0,0.71875,0.0,2973.5116666666668,18298.533333333336,7136.428,25434.961333333336,25434.961333333336,main_broad_q08_m012,"主结果：广义公共支出口径；q=0.8；m_L={0,1,2}"
3,2,2,1,3,2,7.1980168610051,6.975005462540265,0.2230113984648349,3-2-2,1-3-2,72,三胎/已有2孩及以上|中高收入|有祖辈照护,0.0833333333333333,0.71875,0.7218501984126985,11436.583333333334,中高收入→非私营单位平均工资,0.8,1.0,0.26,11436.583333333334,2.0,6,0.0,8400.0,0.71875,6037.5,2973.5116666666668,18298.533333333336,7136.428,25434.961333333336,31472.461333333336,main_broad_q08_m012,"主结果：广义公共支出口径；q=0.8；m_L={0,1,2}"
3,2,2,2,1,1,7.073395215330303,6.975005462540265,0.0983897527900374,3-2-2,2-1-1,20,三胎/已有2孩及以上|中高收入|有祖辈照护,0.0833333333333333,0.71875,0.7218501984126985,11436.583333333334,中高收入→非私营单位平均工资,0.8,1.0,0.26,11436.583333333334,0.0,0,10800.0,0.0,0.71875,0.0,2973.5116666666668,0.0,0.0,0.0,10800.0,main_broad_q08_m012,"主结果：广义公共支出口径；q=0.8；m_L={0,1,2}"
3,2,2,2,1,2,7.4254714710875875,6.975005462540265,0.4504660085473224,3-2-2,2-1-2,72,三胎/已有2孩及以上|中高收入|有祖辈照护,0.0833333333333333,0.71875,0.7218501984126985,11436.583333333334,中高收入→非私营单位平均工资,0.8,1.0,0.26,11436.583333333334,0.0,0,10800.0,8400.0,0.71875,6037.5,2973.5116666666668,0.0,0.0,0.0,16837.5,main_broad_q08_m012,"主结果：广义公共支出口径；q=0.8；m_L={0,1,2}"
3,2,2,2,2,1,7.285571151929216,6.975005462540265,0.3105656893889508,3-2-2,2-2-1,19,三胎/已有2孩及以上|中高收入|有祖辈照护,0.0833333333333333,0.71875,0.7218501984126985,11436.583333333334,中高收入→非私营单位平均工资,0.8,1.0,0.26,11436.583333333334,1.0,6,10800.0,0.0,0.71875,0.0,2973.5116666666668,9149.266666666668,7136.428,16285.694666666668,27085.69466666667,main_broad_q08_m012,"主结果：广义公共支出口径；q=0.8；m_L={0,1,2}"
3,2,2,2,2,2,7.250538928457813,6.975005462540265,0.2755334659175474,3-2-2,2-2-2,73,三胎/已有2孩及以上|中高收入|有祖辈照护,0.0833333333333333,0.71875,0.7218501984126985,11436.583333333334,中高收入→非私营单位平均工资,0.8,1.0,0.26,11436.583333333334,1.0,6,10800.0,8400.0,0.71875,6037.5,2973.5116666666668,9149.266666666668,7136.428,16285.694666666668,33123.19466666667,main_broad_q08_m012,"主结果：广义公共支出口径；q=0.8；m_L={0,1,2}"
3,2,2,2,3,1,7.3824618405720575,6.975005462540265,0.4074563780317923,3-2-2,2-3-1,16,三胎/已有2孩及以上|中高收入|有祖辈照护,0.0833333333333333,0.71875,0.7218501984126985,11436.583333333334,中高收入→非私营单位平均工资,0.8,1.0,0.26,11436.583333333334,2.0,6,10800.0,0.0,0.71875,0.0,2973.5116666666668,18298.533333333336,7136.428,25434.961333333336,36234.96133333334,main_broad_q08_m012,"主结果：广义公共支出口径；q=0.8；m_L={0,1,2}"
3,2,2,2,3,2,7.568892027706844,6.975005462540265,0.5938865651665788,3-2-2,2-3-2,38,三胎/已有2孩及以上|中高收入|有祖辈照护,0.0833333333333333,0.71875,0.7218501984126985,11436.583333333334,中高收入→非私营单位平均工资,0.8,1.0,0.26,11436.583333333334,2.0,6,10800.0,8400.0,0.71875,6037.5,2973.5116666666668,18298.533333333336,7136.428,25434.961333333336,42272.46133333334,main_broad_q08_m012,"主结果：广义公共支出口径；q=0.8；m_L={0,1,2}"
3,2,2,3,1,1,7.121391029183706,6.975005462540265,0.146385566643441,3-2-2,3-1-1,18,三胎/已有2孩及以上|中高收入|有祖辈照护,0.0833333333333333,0.71875,0.7218501984126985,11436.583333333334,中高收入→非私营单位平均工资,0.8,1.0,0.26,11436.583333333334,0.0,0,21600.0,0.0,0.71875,0.0,2973.5116666666668,0.0,0.0,0.0,21600.0,main_broad_q08_m012,"主结果：广义公共支出口径；q=0.8；m_L={0,1,2}"
3,2,2,3,1,2,7.378350842023103,6.975005462540265,0.4033453794828379,3-2-2,3-1-2,69,三胎/已有2孩及以上|中高收入|有祖辈照护,0.0833333333333333,0.71875,0.7218501984126985,11436.583333333334,中高收入→非私营单位平均工资,0.8,1.0,0.26,11436.583333333334,0.0,0,21600.0,8400.0,0.71875,6037.5,2973.5116666666668,0.0,0.0,0.0,27637.5,main_broad_q08_m012,"主结果：广义公共支出口径；q=0.8；m_L={0,1,2}"
3,2,2,3,2,1,7.266856442678399,6.975005462540265,0.2918509801381344,3-2-2,3-2-1,0,三胎/已有2孩及以上|中高收入|有祖辈照护,0.0833333333333333,0.71875,0.7218501984126985,11436.583333333334,中高收入→非私营单位平均工资,0.8,1.0,0.26,11436.583333333334,1.0,6,21600.0,0.0,0.71875,0.0,2973.5116666666668,9149.266666666668,7136.428,16285.694666666668,37885.69466666667,main_broad_q08_m012,"主结果：广义公共支出口径；q=0.8；m_L={0,1,2}"
3,2,2,3,2,2,7.136707776289111,6.975005462540265,0.1617023137488455,3-2-2,3-2-2,0,三胎/已有2孩及以上|中高收入|有祖辈照护,0.0833333333333333,0.71875,0.7218501984126985,11436.583333333334,中高收入→非私营单位平均工资,0.8,1.0,0.26,11436.583333333334,1.0,6,21600.0,8400.0,0.71875,6037.5,2973.5116666666668,9149.266666666668,7136.428,16285.694666666668,43923.19466666667,main_broad_q08_m012,"主结果：广义公共支出口径；q=0.8；m_L={0,1,2}"
3,2,2,3,3,1,7.460655965455225,6.975005462540265,0.48565050291496,3-2-2,3-3-1,8,三胎/已有2孩及以上|中高收入|有祖辈照护,0.0833333333333333,0.71875,0.7218501984126985,11436.583333333334,中高收入→非私营单位平均工资,0.8,1.0,0.26,11436.583333333334,2.0,6,21600.0,0.0,0.71875,0.0,2973.5116666666668,18298.533333333336,7136.428,25434.961333333336,47034.96133333334,main_broad_q08_m012,"主结果：广义公共支出口径；q=0.8；m_L={0,1,2}"
3,2,2,3,3,2,7.551969709672123,6.975005462540265,0.5769642471318583,3-2-2,3-3-2,36,三胎/已有2孩及以上|中高收入|有祖辈照护,0.0833333333333333,0.71875,0.7218501984126985,11436.583333333334,中高收入→非私营单位平均工资,0.8,1.0,0.26,11436.583333333334,2.0,6,21600.0,8400.0,0.71875,6037.5,2973.5116666666668,18298.533333333336,7136.428,25434.961333333336,53072.46133333334,main_broad_q08_m012,"主结果：广义公共支出口径；q=0.8；m_L={0,1,2}"
